Cycle,District,Jurisdiction,Name,Path,Race,Station,Party,NameSimpl,MatchedName,MatchedStation,id
2018,,Federal,Kyrsten Sinema,/home/andrew/Documents/PredictiveModeling/TV/stations/KASW/Political Files/2018/Federal/US Senate/Kyrsten Sinema,,KASW,,Kyrsten Sinema,Kyrsten Sinema,KASW,37
2018,,Federal,Kyrsten Sinema DSCC,/home/andrew/Documents/PredictiveModeling/TV/stations/KASW/Political Files/2018/Federal/US Senate/Kyrsten Sinema DSCC,Senate,KASW,Democrat,Kyrsten Sinema,Kyrsten Sinema,KASW,37
2018,,Federal,McSally for Senate,/home/andrew/Documents/PredictiveModeling/TV/stations/KASW/Political Files/2018/Federal/US Senate/McSally for Senate,Senate,KASW,,McSally,McSally for Senate,KASW,44
2018,AZ 09,Federal,Greg Stanton for Congress,/home/andrew/Documents/PredictiveModeling/TV/stations/KASW/Political Files/2018/Federal/US House/AZ 09,House,KASW,,Greg Stanton,Greg Stanton for Congress,KASW,28
2018,AZ 01,Federal,DCCC T OHALLERAN AZ-1,/home/andrew/Documents/PredictiveModeling/TV/stations/KASW/Political Files/2018/Federal/US House/AZ 01,House,KASW,Democrat,T OHALLERAN  1,DCCC T OHALLERAN AZ-1,KASW,57
2018,AZ 01,Federal,OHALLERAN AZ-1,/home/andrew/Documents/PredictiveModeling/TV/stations/KASW/Political Files/2018/Federal/US House/AZ 01,,KASW,,OHALLERAN  1,DCCC T OHALLERAN AZ-1,KASW,57
2018,,Federal,TIPRNENI,/home/andrew/Documents/PredictiveModeling/TV/stations/KASW/Political Files/2018/Federal/US House/TIPRNENI,,KASW,,TIPRNENI,HIRAL TIPRNENI DCONGRESS,KASW,29
2018,,Non-Candidate Issue Ads,Tax March,/home/andrew/Documents/PredictiveModeling/TV/stations/KASW/Political Files/2018/Non-Candidate Issue Ads/Tax March,,KASW,,Tax March,Tax March,KASW,59
2018,,Non-Candidate Issue Ads,Arizonans for Affordable Electricity,/home/andrew/Documents/PredictiveModeling/TV/stations/KASW/Political Files/2018/Non-Candidate Issue Ads/Arizonans for Affordable Electricity,,KASW,,Arizonans for Affordable Electricity,Arizonans for Affordable Electricity,KASW,10
2018,,Non-Candidate Issue Ads,AFSCME People Pac,/home/andrew/Documents/PredictiveModeling/TV/stations/KASW/Political Files/2018/Non-Candidate Issue Ads/AFSCME People Pac,,KASW,,AFSCME People Pac,AFSCME People Pac,KASW,2
2018,,Non-Candidate Issue Ads,Republican Governors Association,/home/andrew/Documents/PredictiveModeling/TV/stations/KASW/Political Files/2018/Non-Candidate Issue Ads/Republican Governors Association,Governor,KASW,Republican,Republican Governors Association,Republican Governors Association,KASW,52
2018,,Non-Candidate Issue Ads,One Nation,/home/andrew/Documents/PredictiveModeling/TV/stations/KASW/Political Files/2018/Non-Candidate Issue Ads/One Nation,,KASW,,One Nation,One Nation,KASW,48
2018,,Non-Candidate Issue Ads,Red and Gold,/home/andrew/Documents/PredictiveModeling/TV/stations/KASW/Political Files/2018/Non-Candidate Issue Ads/Red and Gold,,KASW,,Red and Gold,Red and Gold,KASW,51
2018,,Non-Candidate Issue Ads,NRSC,/home/andrew/Documents/PredictiveModeling/TV/stations/KASW/Political Files/2018/Non-Candidate Issue Ads/NRSC,Senate,KASW,Republican,NRSC,NRSC,KASW,47
2018,,Non-Candidate Issue Ads,45 Committe PAC,/home/andrew/Documents/PredictiveModeling/TV/stations/KASW/Political Files/2018/Non-Candidate Issue Ads/45 Committe PAC,,KASW,,45 Committe PAC,45 Committe PAC,KASW,1
2018,,Non-Candidate Issue Ads,Patriot Majority,/home/andrew/Documents/PredictiveModeling/TV/stations/KASW/Political Files/2018/Non-Candidate Issue Ads/Patriot Majority,,KASW,,Patriot Majority,Patriot Majority,KASW,49
2018,,Non-Candidate Issue Ads,Future 45,/home/andrew/Documents/PredictiveModeling/TV/stations/KASW/Political Files/2018/Non-Candidate Issue Ads/Future 45,,KASW,,Future 45,Future 45,KASW,23
2018,,Non-Candidate Issue Ads,Vote Vets Action Fund,/home/andrew/Documents/PredictiveModeling/TV/stations/KASW/Political Files/2018/Non-Candidate Issue Ads/Vote Vets Action Fund,,KASW,,Vote Vets Action Fund,MAJORITY FORWARD-VOTE VETS ACTION FUND,KASW,41
2018,,Non-Candidate Issue Ads,Arizona Republican Party,/home/andrew/Documents/PredictiveModeling/TV/stations/KASW/Political Files/2018/Non-Candidate Issue Ads/Arizona Republican Party,,KASW,Republican,Arizona Republican Party,Arizona Republican Party,KASW,8
2018,,Non-Candidate Issue Ads,Senate Majority,/home/andrew/Documents/PredictiveModeling/TV/stations/KASW/Political Files/2018/Non-Candidate Issue Ads/Senate Majority,Senate,KASW,,Senate Majority,Senate Majority,KASW,55
2018,,Non-Candidate Issue Ads,Majority Forward,/home/andrew/Documents/PredictiveModeling/TV/stations/KASW/Political Files/2018/Non-Candidate Issue Ads/Majority Forward,,KASW,,Majority Forward,MAJORITY FORWARD-VOTE VETS ACTION FUND,KASW,41
2018,,Non-Candidate Issue Ads,DCCC,/home/andrew/Documents/PredictiveModeling/TV/stations/KASW/Political Files/2018/Non-Candidate Issue Ads/DCCC,House,KASW,Democrat,Democratic Congressional Campaign Committee,DCCC,KASW,21
2018,,Non-Candidate Issue Ads,Defend AZ,/home/andrew/Documents/PredictiveModeling/TV/stations/KASW/Political Files/2018/Non-Candidate Issue Ads/Defend AZ,,KASW,,Defend ARIZONA,Defend AZ,KASW,19
2018,,Non-Candidate Issue Ads,DSCC,/home/andrew/Documents/PredictiveModeling/TV/stations/KASW/Political Files/2018/Non-Candidate Issue Ads/DSCC,Senate,KASW,Democrat,DSCC,DSCC,KASW,17
2018,,Non-Candidate Issue Ads,House Majority,/home/andrew/Documents/PredictiveModeling/TV/stations/KASW/Political Files/2018/Non-Candidate Issue Ads/House Majority,House,KASW,,House Majority,House Majority,KASW,31
2018,,Non-Candidate Issue Ads,Clean Energy for a Healthy Arizona,/home/andrew/Documents/PredictiveModeling/TV/stations/KASW/Political Files/2018/Non-Candidate Issue Ads/Clean Energy for a Healthy Arizona,,KASW,,Clean Energy for a Healthy Arizona,Clean Energy for a Healthy Arizona,KASW,14
2018,,State,Governor,/home/andrew/Documents/PredictiveModeling/TV/stations/KASW/Political Files/2018/State/Governor,Governor,KASW,,,Governor,KASW,0
2018,,State,D DUCEY AZRP,/home/andrew/Documents/PredictiveModeling/TV/stations/KASW/Political Files/2018/State/D DUCEY AZRP,,KASW,Republican,D DUCEY,D DUCEY AZRP,KASW,16
2018,,State,Gallego for Mayor,/home/andrew/Documents/PredictiveModeling/TV/stations/KASW/Political Files/2018/State/Gallego for Mayor,Mayor,KASW,,Gallego,Gallego for Mayor,KASW,24
2018,,State,Katie Hobbs for Secretary of State,/home/andrew/Documents/PredictiveModeling/TV/stations/KASW/Political Files/2018/State/Katie Hobbs for Secretary of State,Secretary of State,KASW,,Katie Hobbs,Katie Hobbs for Secretary of State,KASW,36
2018,,Federal,NRSC McSally,/home/andrew/Documents/PredictiveModeling/TV/stations/KNXV-TV/Political Files/2018/Federal/US Senate/NRSC McSally,Senate,KNXV-TV,Republican,McSally,McSally for Senate,KASW,44
2018,,Federal,Sinema for Senate - General,/home/andrew/Documents/PredictiveModeling/TV/stations/KNXV-TV/Political Files/2018/Federal/US Senate/Sinema for Senate - General,Senate,KNXV-TV,,Sinema,Kyrsten Sinema,KASW,37
2018,,Federal,McSally Republican US Senate - General,/home/andrew/Documents/PredictiveModeling/TV/stations/KNXV-TV/Political Files/2018/Federal/US Senate/McSally Republican US Senate - General,Senate,KNXV-TV,Republican,McSally,McSally for Senate,KASW,44
2018,,Federal,DSCC Sinema for Senate,/home/andrew/Documents/PredictiveModeling/TV/stations/KNXV-TV/Political Files/2018/Federal/US Senate/DSCC Sinema for Senate,Senate,KNXV-TV,Democrat,Sinema,Kyrsten Sinema,KASW,37
2018,,Federal,Sinema for Senate - Primary,/home/andrew/Documents/PredictiveModeling/TV/stations/KNXV-TV/Political Files/2018/Federal/US Senate/Sinema for Senate - Primary,Senate,KNXV-TV,,Sinema,Kyrsten Sinema,KASW,37
2018,,Federal,McSally Republican US Senate - Primary,/home/andrew/Documents/PredictiveModeling/TV/stations/KNXV-TV/Political Files/2018/Federal/US Senate/McSally Republican US Senate - Primary,Senate,KNXV-TV,Republican,McSally,McSally for Senate,KASW,44
2018,,Federal,NRCC Lesko for Congress,/home/andrew/Documents/PredictiveModeling/TV/stations/KNXV-TV/Political Files/2018/Federal/US House/NRCC Lesko for Congress,House,KNXV-TV,Republican,Lesko,NRCC Lesko for Congress,KNXV-TV,39
2018,,Federal,Stanton Democrat Congress - GENERAL,/home/andrew/Documents/PredictiveModeling/TV/stations/KNXV-TV/Political Files/2018/Federal/US House/Stanton Democrat Congress - GENERAL,House,KNXV-TV,Democrat,Stanton,Greg Stanton for Congress,KASW,28
2018,,Federal,GallegoDemocratCongress,/home/andrew/Documents/PredictiveModeling/TV/stations/KNXV-TV/Political Files/2018/Federal/US House/GallegoDemocratCongress,House,KNXV-TV,Democrat,Gallego,GallegoDemocratCongress,KNXV-TV,25
2018,,Federal,Tiperneni for Congress - PRIMARY,/home/andrew/Documents/PredictiveModeling/TV/stations/KNXV-TV/Political Files/2018/Federal/US House/Tiperneni for Congress - PRIMARY,House,KNXV-TV,,Tiperneni,HIRAL TIPRNENI DCONGRESS,KASW,29
2018,,Federal,OHalleran for Congress - PRIMARY,/home/andrew/Documents/PredictiveModeling/TV/stations/KNXV-TV/Political Files/2018/Federal/US House/OHalleran for Congress - PRIMARY,House,KNXV-TV,,OHalleran,DCCC T OHALLERAN AZ-1,KASW,57
2018,,Federal,DCCC OHalleran for Congress,/home/andrew/Documents/PredictiveModeling/TV/stations/KNXV-TV/Political Files/2018/Federal/US House/DCCC OHalleran for Congress,House,KNXV-TV,Democrat,OHalleran,DCCC T OHALLERAN AZ-1,KASW,57
2018,,Federal,Ferrara for Congress,/home/andrew/Documents/PredictiveModeling/TV/stations/KNXV-TV/Political Files/2018/Federal/US House/Ferrara for Congress,House,KNXV-TV,,Ferrara,STEVE FERRARA FOR CONGRESS AZ 09,KNXV-TV,53
2018,,Federal,OHalleran for Congress - GENERAL,/home/andrew/Documents/PredictiveModeling/TV/stations/KNXV-TV/Political Files/2018/Federal/US House/OHalleran for Congress - GENERAL,House,KNXV-TV,,OHalleran,DCCC T OHALLERAN AZ-1,KASW,57
2018,,Federal,Shedd for Congress,/home/andrew/Documents/PredictiveModeling/TV/stations/KNXV-TV/Political Files/2018/Federal/US House/Shedd for Congress,House,KNXV-TV,,Shedd,Shedd for Congress,KNXV-TV,56
2018,,Federal,Tiperneni for Congress - GENERAL,/home/andrew/Documents/PredictiveModeling/TV/stations/KNXV-TV/Political Files/2018/Federal/US House/Tiperneni for Congress - GENERAL,House,KNXV-TV,,Tiperneni,HIRAL TIPRNENI DCONGRESS,KASW,29
2018,,State,Valenzuela Democrat Mayor,/home/andrew/Documents/PredictiveModeling/TV/stations/KNXV-TV/Political Files/2018/Local/Valenzuela Democrat Mayor,Mayor,KNXV-TV,Democrat,Valenzuela,Valenzuela Democrat Mayor,KNXV-TV,63
2018,,State,Gallego Democrat Mayor,/home/andrew/Documents/PredictiveModeling/TV/stations/KNXV-TV/Political Files/2018/Local/Gallego Democrat Mayor,Mayor,KNXV-TV,Democrat,Gallego,Gallego for Mayor,KASW,24
2018,,Non-Candidate Issue Ads,ACLU AZ,/home/andrew/Documents/PredictiveModeling/TV/stations/KNXV-TV/Political Files/2018/Non-Candidate Issue Ads/ACLU AZ,,KNXV-TV,,American Civil Liberties Union ARIZONA,ACLU AZ,KNXV-TV,4
2018,,Non-Candidate Issue Ads,AFSCMA People,/home/andrew/Documents/PredictiveModeling/TV/stations/KNXV-TV/Political Files/2018/Non-Candidate Issue Ads/AFSCMA People,,KNXV-TV,,AFSCMA People,AFSCME People Pac,KASW,2
2018,,Non-Candidate Issue Ads,45 Committee,/home/andrew/Documents/PredictiveModeling/TV/stations/KNXV-TV/Political Files/2018/Non-Candidate Issue Ads/45 Committee,,KNXV-TV,,45 Committee,45 Committe PAC,KASW,1
2018,,Non-Candidate Issue Ads,Working Families Party IE,/home/andrew/Documents/PredictiveModeling/TV/stations/KNXV-TV/Political Files/2018/Non-Candidate Issue Ads/Working Families Party IE,,KNXV-TV,,Working Families Party,Working Families Party IE,KNXV-TV,67
2018,,Non-Candidate Issue Ads,DSCC IE,/home/andrew/Documents/PredictiveModeling/TV/stations/KNXV-TV/Political Files/2018/Non-Candidate Issue Ads/DSCC IE,Senate,KNXV-TV,Democrat,DSCC,DSCC,KASW,17
2018,,Non-Candidate Issue Ads,Chispa AZ PAC,/home/andrew/Documents/PredictiveModeling/TV/stations/KNXV-TV/Political Files/2018/Non-Candidate Issue Ads/Chispa AZ PAC,,KNXV-TV,,Chispa ARIZONA PAC,Chispa AZ PAC,KNXV-TV,12
2018,,Non-Candidate Issue Ads,Arizona for Freedom,/home/andrew/Documents/PredictiveModeling/TV/stations/KNXV-TV/Political Files/2018/Non-Candidate Issue Ads/Arizona for Freedom,,KNXV-TV,,Arizona for Freedom,Arizona for Freedom,KNXV-TV,9
2018,,Non-Candidate Issue Ads,Tax March,/home/andrew/Documents/PredictiveModeling/TV/stations/KNXV-TV/Political Files/2018/Non-Candidate Issue Ads/Tax March,,KNXV-TV,,Tax March,Tax March,KASW,59
2018,,Non-Candidate Issue Ads,US Chamber of Commerce,/home/andrew/Documents/PredictiveModeling/TV/stations/KNXV-TV/Political Files/2018/Non-Candidate Issue Ads/US Chamber of Commerce,,KNXV-TV,,US Chamber of Commerce,US Chamber of Commerce,KNXV-TV,62
2018,,Non-Candidate Issue Ads,Arizonans for Affordable Electricity,/home/andrew/Documents/PredictiveModeling/TV/stations/KNXV-TV/Political Files/2018/Non-Candidate Issue Ads/Arizonans for Affordable Electricity,,KNXV-TV,,Arizonans for Affordable Electricity,Arizonans for Affordable Electricity,KASW,10
2018,,Non-Candidate Issue Ads,RGA Arizona PAC,/home/andrew/Documents/PredictiveModeling/TV/stations/KNXV-TV/Political Files/2018/Non-Candidate Issue Ads/RGA Arizona PAC,Governor,KNXV-TV,Republican,Republican Governors Association Arizona PAC,Republican Governors Association,KASW,52
2018,,Non-Candidate Issue Ads,Patriot Majority USA,/home/andrew/Documents/PredictiveModeling/TV/stations/KNXV-TV/Political Files/2018/Non-Candidate Issue Ads/Patriot Majority USA,,KNXV-TV,,Patriot Majority USA,Patriot Majority,KASW,49
2018,,Non-Candidate Issue Ads,Save Native American Families - No on Prop 127,/home/andrew/Documents/PredictiveModeling/TV/stations/KNXV-TV/Political Files/2018/Non-Candidate Issue Ads/Save Native American Families - No on Prop 127,,KNXV-TV,,Save Native American Families   No on Prop 127,Save Native American Families - No on Prop 127,KNXV-TV,54
2018,,Non-Candidate Issue Ads,Citizens for Fair Tax Policy - GENERAL,/home/andrew/Documents/PredictiveModeling/TV/stations/KNXV-TV/Political Files/2018/Non-Candidate Issue Ads/Citizens for Fair Tax Policy - GENERAL,,KNXV-TV,,Citizens for Fair Tax Policy,Citizens for Fair Tax Policy - GENERAL,KNXV-TV,13
2018,,Non-Candidate Issue Ads,Republican Governors Association,/home/andrew/Documents/PredictiveModeling/TV/stations/KNXV-TV/Political Files/2018/Non-Candidate Issue Ads/Republican Governors Association,Governor,KNXV-TV,Republican,Republican Governors Association,Republican Governors Association,KASW,52
2018,,Non-Candidate Issue Ads,Senate Majority PAC,/home/andrew/Documents/PredictiveModeling/TV/stations/KNXV-TV/Political Files/2018/Non-Candidate Issue Ads/Senate Majority PAC,Senate,KNXV-TV,,Senate Majority PAC,Senate Majority,KASW,55
2018,,Non-Candidate Issue Ads,One Nation AZ,/home/andrew/Documents/PredictiveModeling/TV/stations/KNXV-TV/Political Files/2018/Non-Candidate Issue Ads/One Nation AZ,,KNXV-TV,,One Nation ARIZONA,One Nation,KASW,48
2018,,Non-Candidate Issue Ads,Majority Forward and Vote Vets Action Plan,/home/andrew/Documents/PredictiveModeling/TV/stations/KNXV-TV/Political Files/2018/Non-Candidate Issue Ads/Majority Forward and Vote Vets Action Plan,,KNXV-TV,,Majority Forward and Vote Vets Action Plan,MAJORITY FORWARD-VOTE VETS ACTION FUND,KASW,41
2018,,Non-Candidate Issue Ads,Red and Gold,/home/andrew/Documents/PredictiveModeling/TV/stations/KNXV-TV/Political Files/2018/Non-Candidate Issue Ads/Red and Gold,,KNXV-TV,,Red and Gold,Red and Gold,KASW,51
2018,,Non-Candidate Issue Ads,Citizens for Fair Tax Policy - PRIMARY,/home/andrew/Documents/PredictiveModeling/TV/stations/KNXV-TV/Political Files/2018/Non-Candidate Issue Ads/Citizens for Fair Tax Policy - PRIMARY,,KNXV-TV,,Citizens for Fair Tax Policy,Citizens for Fair Tax Policy - GENERAL,KNXV-TV,13
2018,,Non-Candidate Issue Ads,Arizona Education Association,/home/andrew/Documents/PredictiveModeling/TV/stations/KNXV-TV/Political Files/2018/Non-Candidate Issue Ads/Arizona Education Association,,KNXV-TV,,Arizona Education Association,Arizona Education Association,KNXV-TV,7
2018,,Non-Candidate Issue Ads,Arizona Republican Party,/home/andrew/Documents/PredictiveModeling/TV/stations/KNXV-TV/Political Files/2018/Non-Candidate Issue Ads/Arizona Republican Party,,KNXV-TV,Republican,Arizona Republican Party,Arizona Republican Party,KASW,8
2018,,Non-Candidate Issue Ads,Majority Forward,/home/andrew/Documents/PredictiveModeling/TV/stations/KNXV-TV/Political Files/2018/Non-Candidate Issue Ads/Majority Forward,,KNXV-TV,,Majority Forward,MAJORITY FORWARD-VOTE VETS ACTION FUND,KASW,41
2018,,Non-Candidate Issue Ads,DCCC,/home/andrew/Documents/PredictiveModeling/TV/stations/KNXV-TV/Political Files/2018/Non-Candidate Issue Ads/DCCC,House,KNXV-TV,Democrat,Democratic Congressional Campaign Committee,DCCC,KASW,21
2018,,Non-Candidate Issue Ads,Defend Arizona,/home/andrew/Documents/PredictiveModeling/TV/stations/KNXV-TV/Political Files/2018/Non-Candidate Issue Ads/Defend Arizona,,KNXV-TV,,Defend Arizona,Defend AZ,KASW,19
2018,,Non-Candidate Issue Ads,DAGA Peoples Lawyers Project,/home/andrew/Documents/PredictiveModeling/TV/stations/KNXV-TV/Political Files/2018/Non-Candidate Issue Ads/DAGA Peoples Lawyers Project,Attorney General,KNXV-TV,Democrat,Democratic Attorneys General Association  Peoples Lawyers Project,DAGA Peoples Lawyers Project,KNXV-TV,20
2018,,Non-Candidate Issue Ads,House Majority PAC,/home/andrew/Documents/PredictiveModeling/TV/stations/KNXV-TV/Political Files/2018/Non-Candidate Issue Ads/House Majority PAC,House,KNXV-TV,,House Majority PAC,House Majority,KASW,31
2018,,Non-Candidate Issue Ads,Clean Energy for a Healthy Arizona,/home/andrew/Documents/PredictiveModeling/TV/stations/KNXV-TV/Political Files/2018/Non-Candidate Issue Ads/Clean Energy for a Healthy Arizona,,KNXV-TV,,Clean Energy for a Healthy Arizona,Clean Energy for a Healthy Arizona,KASW,14
2018,,Non-Candidate Issue Ads,NRSC IE,/home/andrew/Documents/PredictiveModeling/TV/stations/KNXV-TV/Political Files/2018/Non-Candidate Issue Ads/NRSC IE,Senate,KNXV-TV,Republican,NRSC,NRSC,KASW,47
2018,,Non-Candidate Issue Ads,NRCC IE,/home/andrew/Documents/PredictiveModeling/TV/stations/KNXV-TV/Political Files/2018/Non-Candidate Issue Ads/NRCC IE,House,KNXV-TV,Republican,NRCC,NRCC IE,KNXV-TV,45
2018,,State,Arizona Republican Party Ducey - GENERAL ELECTION,/home/andrew/Documents/PredictiveModeling/TV/stations/KNXV-TV/Political Files/2018/State/Arizona Republican Party Ducey - GENERAL ELECTION,,KNXV-TV,Republican,Ducey,D DUCEY AZRP,KASW,16
2018,,State,Arizona Democratic Party - Contreras for Attorney General - GENERAL ELECTION,/home/andrew/Documents/PredictiveModeling/TV/stations/KNXV-TV/Political Files/2018/State/Arizona Democratic Party - Contreras for Attorney General - GENERAL ELECTION,Attorney General,KNXV-TV,Democrat,Contreras,Arizona Democratic Party - Contreras for Attorney General - GENERAL ELECTION,KNXV-TV,15
2018,,State,Arizona Republican Party - Mark Brnovich for AZ,/home/andrew/Documents/PredictiveModeling/TV/stations/KNXV-TV/Political Files/2018/State/Arizona Republican Party - Mark Brnovich for AZ,,KNXV-TV,Republican,Mark Brnovich,Arizona Republican Party - Mark Brnovich for AZ,KNXV-TV,43
2018,,State,Brnovich for Attorney General - GENERAL ELECTION,/home/andrew/Documents/PredictiveModeling/TV/stations/KNXV-TV/Political Files/2018/State/Brnovich for Attorney General - GENERAL ELECTION,Attorney General,KNXV-TV,,Brnovich,Arizona Republican Party - Mark Brnovich for AZ,KNXV-TV,43
2018,,State,Lieberman Democrat State House District 28,/home/andrew/Documents/PredictiveModeling/TV/stations/KNXV-TV/Political Files/2018/State/Lieberman Democrat State House District 28,House,KNXV-TV,Democrat,Lieberman  State  District 28,Lieberman Democrat State House District 28,KNXV-TV,40
2018,,State,Hoffman Democrat State Superintendent - GENERAL ELECTION,/home/andrew/Documents/PredictiveModeling/TV/stations/KNXV-TV/Political Files/2018/State/Hoffman Democrat State Superintendent - GENERAL ELECTION,Superintendent of Public Instruction,KNXV-TV,Democrat,Hoffman,Hoffman Democrat State Superintendent - GENERAL ELECTION,KNXV-TV,30
2018,,State,Gaynor for AZ Secretary of State - GENERAL ELECTION,/home/andrew/Documents/PredictiveModeling/TV/stations/KNXV-TV/Political Files/2018/State/Gaynor for AZ Secretary of State - GENERAL ELECTION,Secretary of State,KNXV-TV,,Gaynor,Gaynor for AZ Secretary of State - GENERAL ELECTION,KNXV-TV,27
2018,,State,Farley for Governor - PRIMARY ELECTION,/home/andrew/Documents/PredictiveModeling/TV/stations/KNXV-TV/Political Files/2018/State/Farley for Governor - PRIMARY ELECTION,Governor,KNXV-TV,,Farley,Farley for Governor - PRIMARY ELECTION,KNXV-TV,22
2018,,State,Ducey Republican Governor - GENERAL ELECTION,/home/andrew/Documents/PredictiveModeling/TV/stations/KNXV-TV/Political Files/2018/State/Ducey Republican Governor - GENERAL ELECTION,Governor,KNXV-TV,Republican,Ducey,D DUCEY AZRP,KASW,16
2018,,State,Manoil Democrat State Treasurer - PRIMARY ELECTION,/home/andrew/Documents/PredictiveModeling/TV/stations/KNXV-TV/Political Files/2018/State/Manoil Democrat State Treasurer - PRIMARY ELECTION,State Treasurer,KNXV-TV,Democrat,Manoil,Manoil Democrat State Treasurer - PRIMARY ELECTION,KNXV-TV,42
2018,,State,Ducey Republican Governor - PRIMARY ELECTION,/home/andrew/Documents/PredictiveModeling/TV/stations/KNXV-TV/Political Files/2018/State/Ducey Republican Governor - PRIMARY ELECTION,Governor,KNXV-TV,Republican,Ducey,D DUCEY AZRP,KASW,16
2018,,State,Manoil Democrat State Treasurer - GENERAL ELECTION,/home/andrew/Documents/PredictiveModeling/TV/stations/KNXV-TV/Political Files/2018/State/Manoil Democrat State Treasurer - GENERAL ELECTION,State Treasurer,KNXV-TV,Democrat,Manoil,Manoil Democrat State Treasurer - PRIMARY ELECTION,KNXV-TV,42
2018,,State,Garcia for Governor - GENERAL ELECTION,/home/andrew/Documents/PredictiveModeling/TV/stations/KNXV-TV/Political Files/2018/State/Garcia for Governor - GENERAL ELECTION,Governor,KNXV-TV,,Garcia,Garcia for Governor - GENERAL ELECTION,KNXV-TV,26
2018,,State,Arizona Democratic Party - Hobbs for AZ Secretary of State - GENERAL ELECTION,/home/andrew/Documents/PredictiveModeling/TV/stations/KNXV-TV/Political Files/2018/State/Arizona Democratic Party - Hobbs for AZ Secretary of State - GENERAL ELECTION,Secretary of State,KNXV-TV,Democrat,Hobbs,Katie Hobbs for Secretary of State,KASW,36
2018,,State,Garcia for Governor - PRIMARY ELECTION,/home/andrew/Documents/PredictiveModeling/TV/stations/KNXV-TV/Political Files/2018/State/Garcia for Governor - PRIMARY ELECTION,Governor,KNXV-TV,,Garcia,Garcia for Governor - GENERAL ELECTION,KNXV-TV,26
2018,,State,Gaynor for AZ Secretary of State - PRIMARY ELECTION,/home/andrew/Documents/PredictiveModeling/TV/stations/KNXV-TV/Political Files/2018/State/Gaynor for AZ Secretary of State - PRIMARY ELECTION,Secretary of State,KNXV-TV,,Gaynor,Gaynor for AZ Secretary of State - GENERAL ELECTION,KNXV-TV,27
2018,,Federal,DSCC-SINEMA FOR ARIZONA,/home/andrew/Documents/PredictiveModeling/TV/stations/KPHO-TV/Political Files/2018/Federal/US Senate/DSCC-SINEMA FOR ARIZONA,Senate,KPHO-TV,Democrat,SINEMA,Kyrsten Sinema,KASW,37
2018,,Federal,SINEMA FOR ARIZONA,/home/andrew/Documents/PredictiveModeling/TV/stations/KPHO-TV/Political Files/2018/Federal/US Senate/SINEMA FOR ARIZONA,,KPHO-TV,,SINEMA,Kyrsten Sinema,KASW,37
2018,,Federal,NRSC MCSALLY FOR SENATE,/home/andrew/Documents/PredictiveModeling/TV/stations/KPHO-TV/Political Files/2018/Federal/US Senate/NRSC MCSALLY FOR SENATE,Senate,KPHO-TV,Republican,MCSALLY,McSally for Senate,KASW,44
2018,,Federal,MCSALLY FOR SENATE,/home/andrew/Documents/PredictiveModeling/TV/stations/KPHO-TV/Political Files/2018/Federal/US Senate/MCSALLY FOR SENATE,Senate,KPHO-TV,,MCSALLY,McSally for Senate,KASW,44
2018,AZ 07,Federal,RUBEN GALLEGO US CONGRESS AZ-07,/home/andrew/Documents/PredictiveModeling/TV/stations/KPHO-TV/Political Files/2018/Federal/US House/AZ 07,House,KPHO-TV,,RUBEN GALLEGO  07,GallegoDemocratCongress,KNXV-TV,25
2018,AZ 09,Federal,GREG STANTON - US CONGRESS AZ-09,/home/andrew/Documents/PredictiveModeling/TV/stations/KPHO-TV/Political Files/2018/Federal/US House/AZ 09,House,KPHO-TV,,GREG STANTON    09,Greg Stanton for Congress,KASW,28
2018,AZ 09,Federal,STEVE FERRARA - US CONGRESS AS-09,/home/andrew/Documents/PredictiveModeling/TV/stations/KPHO-TV/Political Files/2018/Federal/US House/AZ 09,House,KPHO-TV,,STEVE FERRARA   AS 09,STEVE FERRARA FOR CONGRESS AZ 09,KPHO-TV,53
2018,AZ 01,Federal,TIFFANY SHEDD FOR US CONGRESS AS-1,/home/andrew/Documents/PredictiveModeling/TV/stations/KPHO-TV/Political Files/2018/Federal/US House/AZ 01,House,KPHO-TV,,TIFFANY SHEDD  AS 1,TIFFANY SHEDD FOR US CONGRESS AS-1,KPHO-TV,58
2018,AZ 01,Federal,WENDY ROGERS FOR US CONGRESS AZ-1,/home/andrew/Documents/PredictiveModeling/TV/stations/KPHO-TV/Political Files/2018/Federal/US House/AZ 01,House,KPHO-TV,,WENDY ROGERS   1,WENDY ROGERS FOR US CONGRESS AZ-1,KPHO-TV,64
2018,AZ 01,Federal,DCCC T OHALLERAN FOR US CONGRESS AZ-1,/home/andrew/Documents/PredictiveModeling/TV/stations/KPHO-TV/Political Files/2018/Federal/US House/AZ 01,House,KPHO-TV,Democrat,T OHALLERAN   1,DCCC T OHALLERAN AZ-1,KASW,57
2018,AZ 01,Federal,T OHALLERAN FOR US CONGRESS AZ-1,/home/andrew/Documents/PredictiveModeling/TV/stations/KPHO-TV/Political Files/2018/Federal/US House/AZ 01,House,KPHO-TV,,T OHALLERAN   1,DCCC T OHALLERAN AZ-1,KASW,57
2018,AZ 08,Federal,DEBBIE LESKO R CONGRESS,/home/andrew/Documents/PredictiveModeling/TV/stations/KPHO-TV/Political Files/2018/Federal/US House/AZ 08,House,KPHO-TV,Republican,DEBBIE LESKO,NRCC Lesko for Congress,KNXV-TV,39
2018,AZ 08,Federal,LESKO FOR CONGRESS-AZ REPUBLICAN PARTY,/home/andrew/Documents/PredictiveModeling/TV/stations/KPHO-TV/Political Files/2018/Federal/US House/AZ 08,House,KPHO-TV,Republican,LESKO,NRCC Lesko for Congress,KNXV-TV,39
2018,AZ 08,Federal,HIRAL TIPIRNENI DCONGRESS,/home/andrew/Documents/PredictiveModeling/TV/stations/KPHO-TV/Political Files/2018/Federal/US House/AZ 08,House,KPHO-TV,,HIRAL TIPIRNENI D,HIRAL TIPRNENI DCONGRESS,KPHO-TV,29
2018,AZ 08,Federal,DEBBIE LESKO NRCC,/home/andrew/Documents/PredictiveModeling/TV/stations/KPHO-TV/Political Files/2018/Federal/US House/AZ 08,House,KPHO-TV,Republican,DEBBIE LESKO,NRCC Lesko for Congress,KNXV-TV,39
2018,,Non-Candidate Issue Ads,DSCC IE,/home/andrew/Documents/PredictiveModeling/TV/stations/KPHO-TV/Political Files/2018/Non-Candidate Issue Ads/DSCC IE,Senate,KPHO-TV,Democrat,DSCC,DSCC,KASW,17
2018,,Non-Candidate Issue Ads,RGA ARIZONA PAC,/home/andrew/Documents/PredictiveModeling/TV/stations/KPHO-TV/Political Files/2018/Non-Candidate Issue Ads/RGA ARIZONA PAC,Governor,KPHO-TV,Republican,Republican Governors Association ARIZONA PAC,Republican Governors Association,KASW,52
2018,,Non-Candidate Issue Ads,MAJORITY FORWARD-VOTE VETS ACTION FUND,/home/andrew/Documents/PredictiveModeling/TV/stations/KPHO-TV/Political Files/2018/Non-Candidate Issue Ads/MAJORITY FORWARD-VOTE VETS ACTION FUND,,KPHO-TV,,MAJORITY FORWARD VOTE VETS ACTION FUND,MAJORITY FORWARD-VOTE VETS ACTION FUND,KPHO-TV,41
2018,,Non-Candidate Issue Ads,DEFEND ARIZONA,/home/andrew/Documents/PredictiveModeling/TV/stations/KPHO-TV/Political Files/2018/Non-Candidate Issue Ads/DEFEND ARIZONA,,KPHO-TV,,DEFEND ARIZONA,Defend AZ,KASW,19
2018,,Non-Candidate Issue Ads,TAX MARCH,/home/andrew/Documents/PredictiveModeling/TV/stations/KPHO-TV/Political Files/2018/Non-Candidate Issue Ads/TAX MARCH,,KPHO-TV,,TAX MARCH,Tax March,KASW,59
2018,,Non-Candidate Issue Ads,RED AND GOLD,/home/andrew/Documents/PredictiveModeling/TV/stations/KPHO-TV/Political Files/2018/Non-Candidate Issue Ads/RED AND GOLD,,KPHO-TV,,RED AND GOLD,Red and Gold,KASW,51
2018,,Non-Candidate Issue Ads,WORKING FAMLIES PARTY IC,/home/andrew/Documents/PredictiveModeling/TV/stations/KPHO-TV/Political Files/2018/Non-Candidate Issue Ads/WORKING FAMLIES PARTY IC,,KPHO-TV,,WORKING FAMLIES PARTY IC,Working Families Party IE,KNXV-TV,67
2018,,Non-Candidate Issue Ads,PATRIOT MAJORITY USA,/home/andrew/Documents/PredictiveModeling/TV/stations/KPHO-TV/Political Files/2018/Non-Candidate Issue Ads/PATRIOT MAJORITY USA,,KPHO-TV,,PATRIOT MAJORITY USA,Patriot Majority,KASW,49
2018,,Non-Candidate Issue Ads,SENATE MAJORITY PAC,/home/andrew/Documents/PredictiveModeling/TV/stations/KPHO-TV/Political Files/2018/Non-Candidate Issue Ads/SENATE MAJORITY PAC,Senate,KPHO-TV,,SENATE MAJORITY PAC,Senate Majority,KASW,55
2018,,Non-Candidate Issue Ads,ARIZONA FOR FREEDOM,/home/andrew/Documents/PredictiveModeling/TV/stations/KPHO-TV/Political Files/2018/Non-Candidate Issue Ads/ARIZONA FOR FREEDOM,,KPHO-TV,,ARIZONA FOR FREEDOM,Arizona for Freedom,KNXV-TV,9
2018,,Non-Candidate Issue Ads,ARIZONA EDUCATION PROJECT,/home/andrew/Documents/PredictiveModeling/TV/stations/KPHO-TV/Political Files/2018/Non-Candidate Issue Ads/ARIZONA EDUCATION PROJECT,,KPHO-TV,,ARIZONA EDUCATION PROJECT,ARIZONA EDUCATION PROJECT,KPHO-TV,3
2018,,Non-Candidate Issue Ads,MAJORITY FORWARD,/home/andrew/Documents/PredictiveModeling/TV/stations/KPHO-TV/Political Files/2018/Non-Candidate Issue Ads/MAJORITY FORWARD,,KPHO-TV,,MAJORITY FORWARD,MAJORITY FORWARD-VOTE VETS ACTION FUND,KPHO-TV,41
2018,,Non-Candidate Issue Ads,ONE NATION,/home/andrew/Documents/PredictiveModeling/TV/stations/KPHO-TV/Political Files/2018/Non-Candidate Issue Ads/ONE NATION,,KPHO-TV,,ONE NATION,One Nation,KASW,48
2018,,Non-Candidate Issue Ads,AFSCME PEOPLE AZ,/home/andrew/Documents/PredictiveModeling/TV/stations/KPHO-TV/Political Files/2018/Non-Candidate Issue Ads/AFSCME PEOPLE AZ,,KPHO-TV,,AFSCME PEOPLE ARIZONA,AFSCME People Pac,KASW,2
2018,,Non-Candidate Issue Ads,MAJORITY FORWARD VOTE VETS PAC,/home/andrew/Documents/PredictiveModeling/TV/stations/KPHO-TV/Political Files/2018/Non-Candidate Issue Ads/MAJORITY FORWARD VOTE VETS PAC,,KPHO-TV,,MAJORITY FORWARD VOTE VETS PAC,MAJORITY FORWARD-VOTE VETS ACTION FUND,KPHO-TV,41
2018,,Non-Candidate Issue Ads,US CHAMBER OF COMMERCE,/home/andrew/Documents/PredictiveModeling/TV/stations/KPHO-TV/Political Files/2018/Non-Candidate Issue Ads/US CHAMBER OF COMMERCE,,KPHO-TV,,US CHAMBER OF COMMERCE,US Chamber of Commerce,KNXV-TV,62
2018,,Non-Candidate Issue Ads,DAGA PEOPLES LAWYER PROJECT,/home/andrew/Documents/PredictiveModeling/TV/stations/KPHO-TV/Political Files/2018/Non-Candidate Issue Ads/DAGA PEOPLES LAWYER PROJECT,Attorney General,KPHO-TV,Democrat,Democratic Attorneys General Association  PEOPLES LAWYER PROJECT,DAGA Peoples Lawyers Project,KNXV-TV,20
2018,,Non-Candidate Issue Ads,HOUSE MAJORITY PAC,/home/andrew/Documents/PredictiveModeling/TV/stations/KPHO-TV/Political Files/2018/Non-Candidate Issue Ads/HOUSE MAJORITY PAC,House,KPHO-TV,,HOUSE MAJORITY PAC,House Majority,KASW,31
2018,,Non-Candidate Issue Ads,ACLU,/home/andrew/Documents/PredictiveModeling/TV/stations/KPHO-TV/Political Files/2018/Non-Candidate Issue Ads/ACLU,,KPHO-TV,,American Civil Liberties Union,ACLU AZ,KNXV-TV,4
2018,,Non-Candidate Issue Ads,DCCC,/home/andrew/Documents/PredictiveModeling/TV/stations/KPHO-TV/Political Files/2018/Non-Candidate Issue Ads/DCCC,House,KPHO-TV,Democrat,Democratic Congressional Campaign Committee,DCCC,KASW,21
2018,,Non-Candidate Issue Ads,45 COMMITTEE,/home/andrew/Documents/PredictiveModeling/TV/stations/KPHO-TV/Political Files/2018/Non-Candidate Issue Ads/45 COMMITTEE,,KPHO-TV,,45 COMMITTEE,45 Committe PAC,KASW,1
2018,,Non-Candidate Issue Ads,NRCC-IE,/home/andrew/Documents/PredictiveModeling/TV/stations/KPHO-TV/Political Files/2018/Non-Candidate Issue Ads/NRCC-IE,House,KPHO-TV,Republican,NRCC IE,NRCC IE,KNXV-TV,45
2018,,Non-Candidate Issue Ads,ARIZONA REPUBLICAN PARTY,/home/andrew/Documents/PredictiveModeling/TV/stations/KPHO-TV/Political Files/2018/Non-Candidate Issue Ads/ARIZONA REPUBLICAN PARTY,,KPHO-TV,Republican,ARIZONA REPUBLICAN PARTY,Arizona Republican Party,KASW,8
2018,,Non-Candidate Issue Ads,NRSC IE,/home/andrew/Documents/PredictiveModeling/TV/stations/KPHO-TV/Political Files/2018/Non-Candidate Issue Ads/NRSC IE,Senate,KPHO-TV,Republican,NRSC,NRSC,KASW,47
2018,,State,MARK MANOIL FOR AZ TREASURER D,/home/andrew/Documents/PredictiveModeling/TV/stations/KPHO-TV/Political Files/2018/State/MARK MANOIL FOR AZ TREASURER D,State Treasurer,KPHO-TV,,MARK MANOIL    D,Manoil Democrat State Treasurer - PRIMARY ELECTION,KNXV-TV,42
2018,,State,DAVID GARCIA FOR GOVERNOR,/home/andrew/Documents/PredictiveModeling/TV/stations/KPHO-TV/Political Files/2018/State/DAVID GARCIA FOR GOVERNOR,Governor,KPHO-TV,,DAVID GARCIA,Garcia for Governor - GENERAL ELECTION,KNXV-TV,26
2018,,State,D DUCEY AZRP,/home/andrew/Documents/PredictiveModeling/TV/stations/KPHO-TV/Political Files/2018/State/D DUCEY AZRP,,KPHO-TV,Republican,D DUCEY,D DUCEY AZRP,KASW,16
2018,,State,KATIE HOBBS SEC OF STATE AZ DEM PARTY,/home/andrew/Documents/PredictiveModeling/TV/stations/KPHO-TV/Political Files/2018/State/KATIE HOBBS SEC OF STATE AZ DEM PARTY,Secretary of State,KPHO-TV,Democrat,KATIE HOBBS,Katie Hobbs for Secretary of State,KASW,36
2018,,State,STEVE FARLEY FOR GOVERNOR,/home/andrew/Documents/PredictiveModeling/TV/stations/KPHO-TV/Political Files/2018/State/STEVE FARLEY FOR GOVERNOR,Governor,KPHO-TV,,STEVE FARLEY,Farley for Governor - PRIMARY ELECTION,KNXV-TV,22
2018,,State,STEVE GAYNOR FOR AZ SECRETARY STATE,/home/andrew/Documents/PredictiveModeling/TV/stations/KPHO-TV/Political Files/2018/State/STEVE GAYNOR FOR AZ SECRETARY STATE,,KPHO-TV,,STEVE GAYNOR,Gaynor for AZ Secretary of State - GENERAL ELECTION,KNXV-TV,27
2018,,State,DANIEL VALENZUELA FOR PHOENIX,/home/andrew/Documents/PredictiveModeling/TV/stations/KPHO-TV/Political Files/2018/State/DANIEL VALENZUELA FOR PHOENIX,,KPHO-TV,,DANIEL VALENZUELA,Valenzuela Democrat Mayor,KNXV-TV,63
2018,,State,K GALLEGO FOR PHOENIX MAYOR D,/home/andrew/Documents/PredictiveModeling/TV/stations/KPHO-TV/Political Files/2018/State/K GALLEGO FOR PHOENIX MAYOR D,Mayor,KPHO-TV,,K GALLEGO    D,Gallego for Mayor,KASW,24
2018,,State,AZ DEM PARTY JANUARY CONTRERAS FOR AG,/home/andrew/Documents/PredictiveModeling/TV/stations/KPHO-TV/Political Files/2018/State/AZ DEM PARTY JANUARY CONTRERAS FOR AG,Attorney General,KPHO-TV,Democrat,JANUARY CONTRERAS,Arizona Democratic Party - Contreras for Attorney General - GENERAL ELECTION,KNXV-TV,15
2018,,State,AZ REPUBLICAN PARTY FOR MARK BRNOVICH ATT GEN,/home/andrew/Documents/PredictiveModeling/TV/stations/KPHO-TV/Political Files/2018/State/AZ REPUBLICAN PARTY FOR MARK BRNOVICH ATT GEN,,KPHO-TV,Republican,MARK BRNOVICH ATTORNEY GEN,Arizona Republican Party - Mark Brnovich for AZ,KNXV-TV,43
2018,,State,AZ DEM ON BEHALF OF KATIE HOBBS AZ SEC OF STATE,/home/andrew/Documents/PredictiveModeling/TV/stations/KPHO-TV/Political Files/2018/State/AZ DEM ON BEHALF OF KATIE HOBBS AZ SEC OF STATE,Secretary of State,KPHO-TV,Democrat,IC ON  KATIE HOBBS,Katie Hobbs for Secretary of State,KASW,36
2018,,State,D DUCEY R GOV AZ,/home/andrew/Documents/PredictiveModeling/TV/stations/KPHO-TV/Political Files/2018/State/D DUCEY R GOV AZ,Governor,KPHO-TV,Republican,D DUCEY,D DUCEY AZRP,KASW,16
2018,,State,KATHY HOFFMAN FOR SUPERINTENDENT,/home/andrew/Documents/PredictiveModeling/TV/stations/KPHO-TV/Political Files/2018/State/KATHY HOFFMAN FOR SUPERINTENDENT,Superintendent of Public Instruction,KPHO-TV,,KATHY HOFFMAN,Hoffman Democrat State Superintendent - GENERAL ELECTION,KNXV-TV,30
2018,,State,MARK BRNOVICH FOR AZ ATTORNEY GENERAL,/home/andrew/Documents/PredictiveModeling/TV/stations/KPHO-TV/Political Files/2018/State/MARK BRNOVICH FOR AZ ATTORNEY GENERAL,Attorney General,KPHO-TV,,MARK BRNOVICH,Arizona Republican Party - Mark Brnovich for AZ,KNXV-TV,43
2018,,Federal,DSCC - Sinema For Arizona,/home/andrew/Documents/PredictiveModeling/TV/stations/KSAZ-TV/Political Files/2018/Federal/US Senate/DSCC - Sinema For Arizona,Senate,KSAZ-TV,Democrat,Sinema,Kyrsten Sinema,KASW,37
2018,,Federal,Sinema For Arizona,/home/andrew/Documents/PredictiveModeling/TV/stations/KSAZ-TV/Political Files/2018/Federal/US Senate/Sinema For Arizona,,KSAZ-TV,,Sinema,Kyrsten Sinema,KASW,37
2018,,Federal,NRSC - McSally For US Senate,/home/andrew/Documents/PredictiveModeling/TV/stations/KSAZ-TV/Political Files/2018/Federal/US Senate/NRSC - McSally For US Senate,Senate,KSAZ-TV,Republican,McSally,McSally for Senate,KASW,44
2018,,Federal,McSally for US Senate,/home/andrew/Documents/PredictiveModeling/TV/stations/KSAZ-TV/Political Files/2018/Federal/US Senate/McSally for US Senate,Senate,KSAZ-TV,,McSally,McSally for Senate,KASW,44
2018,,Federal,DCCC - Tom OHalleran For Congress,/home/andrew/Documents/PredictiveModeling/TV/stations/KSAZ-TV/Political Files/2018/Federal/US House/DCCC - Tom OHalleran For Congress,House,KSAZ-TV,Democrat,Tom OHalleran,DCCC T OHALLERAN AZ-1,KASW,57
2018,,Federal,Ruben Gallego -- Dem - District 7,/home/andrew/Documents/PredictiveModeling/TV/stations/KSAZ-TV/Political Files/2018/Federal/US House/Ruben Gallego -- Dem - District 7,,KSAZ-TV,Democrat,Ruben Gallego    IC   District 7,GallegoDemocratCongress,KNXV-TV,25
2018,,Federal,Tiffany Shedd -- Rep - District 1,/home/andrew/Documents/PredictiveModeling/TV/stations/KSAZ-TV/Political Files/2018/Federal/US House/Tiffany Shedd -- Rep - District 1,,KSAZ-TV,Republican,Tiffany Shedd       District 1,TIFFANY SHEDD FOR US CONGRESS AS-1,KPHO-TV,58
2018,,Federal,Greg Stanton -- Dem - District 9,/home/andrew/Documents/PredictiveModeling/TV/stations/KSAZ-TV/Political Files/2018/Federal/US House/Greg Stanton -- Dem - District 9,,KSAZ-TV,Democrat,Greg Stanton    IC   District 9,Greg Stanton for Congress,KASW,28
2018,,Federal,Tom OHalleran -- Dem - District 1,/home/andrew/Documents/PredictiveModeling/TV/stations/KSAZ-TV/Political Files/2018/Federal/US House/Tom OHalleran -- Dem - District 1,,KSAZ-TV,Democrat,Tom OHalleran    IC   District 1,DCCC T OHALLERAN AZ-1,KASW,57
2018,,Federal,Hiral Tipirneni,/home/andrew/Documents/PredictiveModeling/TV/stations/KSAZ-TV/Political Files/2018/Federal/US House/Hiral Tipirneni,,KSAZ-TV,,Hiral Tipirneni,HIRAL TIPRNENI DCONGRESS,KPHO-TV,29
2018,,Federal,NRCC Lesko For Congress,/home/andrew/Documents/PredictiveModeling/TV/stations/KSAZ-TV/Political Files/2018/Federal/US House/NRCC Lesko For Congress,House,KSAZ-TV,Republican,Lesko,NRCC Lesko for Congress,KNXV-TV,39
2018,,Federal,Wendy Rogers for Congress,/home/andrew/Documents/PredictiveModeling/TV/stations/KSAZ-TV/Political Files/2018/Federal/US House/Wendy Rogers for Congress,House,KSAZ-TV,,Wendy Rogers,WENDY ROGERS FOR US CONGRESS AZ-1,KPHO-TV,64
2018,,Federal,Steve Ferrara -- Rep - District 9,/home/andrew/Documents/PredictiveModeling/TV/stations/KSAZ-TV/Political Files/2018/Federal/US House/Steve Ferrara -- Rep - District 9,,KSAZ-TV,Republican,Steve Ferrara       District 9,STEVE FERRARA FOR CONGRESS AZ 09,KPHO-TV,53
2018,,State,Kate Gallego For Phoenix - Mayor,/home/andrew/Documents/PredictiveModeling/TV/stations/KSAZ-TV/Political Files/2018/Local/Kate Gallego For Phoenix - Mayor,Mayor,KSAZ-TV,,Kate Gallego,Gallego for Mayor,KASW,24
2018,,State,Daniel Valenzuela for Phoenix Mayor,/home/andrew/Documents/PredictiveModeling/TV/stations/KSAZ-TV/Political Files/2018/Local/Daniel Valenzuela for Phoenix Mayor,Mayor,KSAZ-TV,,Daniel Valenzuela,Valenzuela Democrat Mayor,KNXV-TV,63
2018,,Non-Candidate Issue Ads,45 Committee,/home/andrew/Documents/PredictiveModeling/TV/stations/KSAZ-TV/Political Files/2018/Non-Candidate Issue Ads/45 Committee,,KSAZ-TV,,45 Committee,45 Committe PAC,KASW,1
2018,,Non-Candidate Issue Ads,Majority Forward  Vote Vets PAC,/home/andrew/Documents/PredictiveModeling/TV/stations/KSAZ-TV/Political Files/2018/Non-Candidate Issue Ads/Majority Forward  Vote Vets PAC,,KSAZ-TV,,Majority Forward  Vote Vets PAC,MAJORITY FORWARD-VOTE VETS ACTION FUND,KPHO-TV,41
2018,,Non-Candidate Issue Ads,AFSCME People,/home/andrew/Documents/PredictiveModeling/TV/stations/KSAZ-TV/Political Files/2018/Non-Candidate Issue Ads/AFSCME People,,KSAZ-TV,,AFSCME People,AFSCME People Pac,KASW,2
2018,,Non-Candidate Issue Ads,TAX MARCH,/home/andrew/Documents/PredictiveModeling/TV/stations/KSAZ-TV/Political Files/2018/Non-Candidate Issue Ads/TAX MARCH,,KSAZ-TV,,TAX MARCH,Tax March,KASW,59
2018,,Non-Candidate Issue Ads,US Chamber of Commerce,/home/andrew/Documents/PredictiveModeling/TV/stations/KSAZ-TV/Political Files/2018/Non-Candidate Issue Ads/US Chamber of Commerce,,KSAZ-TV,,US Chamber of Commerce,US Chamber of Commerce,KNXV-TV,62
2018,,Non-Candidate Issue Ads,Arizona Republican Party -  AZGOP,/home/andrew/Documents/PredictiveModeling/TV/stations/KSAZ-TV/Political Files/2018/Non-Candidate Issue Ads/Arizona Republican Party -  AZGOP,,KSAZ-TV,Republican,Arizona Republican Party    ARIZONAGOP,Arizona Republican Party,KASW,8
2018,,Non-Candidate Issue Ads,Tom Steyer Issue Campaign,/home/andrew/Documents/PredictiveModeling/TV/stations/KSAZ-TV/Political Files/2018/Non-Candidate Issue Ads/Tom Steyer Issue Campaign,,KSAZ-TV,,Tom Steyer Issue Campaign,Tom Steyer Issue Campaign,KSAZ-TV,61
2018,,Non-Candidate Issue Ads,PATRIOT MAJORITY USA,/home/andrew/Documents/PredictiveModeling/TV/stations/KSAZ-TV/Political Files/2018/Non-Candidate Issue Ads/PATRIOT MAJORITY USA,,KSAZ-TV,,PATRIOT MAJORITY USA,Patriot Majority,KASW,49
2018,,Non-Candidate Issue Ads,Working Families Party IE Committee,/home/andrew/Documents/PredictiveModeling/TV/stations/KSAZ-TV/Political Files/2018/Non-Candidate Issue Ads/Working Families Party IE Committee,,KSAZ-TV,,Working Families Party Committee,Working Families Party IE,KNXV-TV,67
2018,,Non-Candidate Issue Ads,Arizona Education Project,/home/andrew/Documents/PredictiveModeling/TV/stations/KSAZ-TV/Political Files/2018/Non-Candidate Issue Ads/Arizona Education Project,,KSAZ-TV,,Arizona Education Project,ARIZONA EDUCATION PROJECT,KPHO-TV,3
2018,,Non-Candidate Issue Ads,DAGA Peoples Lawyer Project,/home/andrew/Documents/PredictiveModeling/TV/stations/KSAZ-TV/Political Files/2018/Non-Candidate Issue Ads/DAGA Peoples Lawyer Project,Attorney General,KSAZ-TV,Democrat,Democratic Attorneys General Association  Peoples Lawyer Project,DAGA Peoples Lawyers Project,KNXV-TV,20
2018,,Non-Candidate Issue Ads,NRSC-IE,/home/andrew/Documents/PredictiveModeling/TV/stations/KSAZ-TV/Political Files/2018/Non-Candidate Issue Ads/NRSC-IE,Senate,KSAZ-TV,Republican,NRSC IE,NRSC,KASW,47
2018,,Non-Candidate Issue Ads,Clean Energy For A Hlthy AZ,/home/andrew/Documents/PredictiveModeling/TV/stations/KSAZ-TV/Political Files/2018/Non-Candidate Issue Ads/Clean Energy For A Hlthy AZ,,KSAZ-TV,,Clean Energy For A Hlthy ARIZONA,Clean Energy for a Healthy Arizona,KASW,14
2018,,Non-Candidate Issue Ads,One Nation,/home/andrew/Documents/PredictiveModeling/TV/stations/KSAZ-TV/Political Files/2018/Non-Candidate Issue Ads/One Nation,,KSAZ-TV,,One Nation,One Nation,KASW,48
2018,,Non-Candidate Issue Ads,Red and Gold,/home/andrew/Documents/PredictiveModeling/TV/stations/KSAZ-TV/Political Files/2018/Non-Candidate Issue Ads/Red and Gold,,KSAZ-TV,,Red and Gold,Red and Gold,KASW,51
2018,,Non-Candidate Issue Ads,Arizona For Freedom,/home/andrew/Documents/PredictiveModeling/TV/stations/KSAZ-TV/Political Files/2018/Non-Candidate Issue Ads/Arizona For Freedom,,KSAZ-TV,,Arizona For Freedom,Arizona for Freedom,KNXV-TV,9
2018,,Non-Candidate Issue Ads,NRSC,/home/andrew/Documents/PredictiveModeling/TV/stations/KSAZ-TV/Political Files/2018/Non-Candidate Issue Ads/NRSC,Senate,KSAZ-TV,Republican,NRSC,NRSC,KASW,47
2018,,Non-Candidate Issue Ads,RGA - Republican Governors Association,/home/andrew/Documents/PredictiveModeling/TV/stations/KSAZ-TV/Political Files/2018/Non-Candidate Issue Ads/RGA - Republican Governors Association,Governor,KSAZ-TV,Republican,Republican Governors Association   Republican Governors Association,Republican Governors Association,KASW,52
2018,,Non-Candidate Issue Ads,Arizona Education Association,/home/andrew/Documents/PredictiveModeling/TV/stations/KSAZ-TV/Political Files/2018/Non-Candidate Issue Ads/Arizona Education Association,,KSAZ-TV,,Arizona Education Association,Arizona Education Association,KNXV-TV,7
2018,,Non-Candidate Issue Ads,Arizonans For Affordable Electricity,/home/andrew/Documents/PredictiveModeling/TV/stations/KSAZ-TV/Political Files/2018/Non-Candidate Issue Ads/Arizonans For Affordable Electricity,,KSAZ-TV,,Arizonans For Affordable Electricity,Arizonans for Affordable Electricity,KASW,10
2018,,Non-Candidate Issue Ads,Vote Vets Action Fund - Majority Forward,/home/andrew/Documents/PredictiveModeling/TV/stations/KSAZ-TV/Political Files/2018/Non-Candidate Issue Ads/Vote Vets Action Fund - Majority Forward,,KSAZ-TV,,Vote Vets Action Fund   Majority Forward,MAJORITY FORWARD-VOTE VETS ACTION FUND,KPHO-TV,41
2018,,Non-Candidate Issue Ads,Majority Forward,/home/andrew/Documents/PredictiveModeling/TV/stations/KSAZ-TV/Political Files/2018/Non-Candidate Issue Ads/Majority Forward,,KSAZ-TV,,Majority Forward,MAJORITY FORWARD-VOTE VETS ACTION FUND,KPHO-TV,41
2018,,Non-Candidate Issue Ads,Citizens for Fair Tax Policy,/home/andrew/Documents/PredictiveModeling/TV/stations/KSAZ-TV/Political Files/2018/Non-Candidate Issue Ads/Citizens for Fair Tax Policy,,KSAZ-TV,,Citizens for Fair Tax Policy,Citizens for Fair Tax Policy - GENERAL,KNXV-TV,13
2018,,Non-Candidate Issue Ads,DCCC,/home/andrew/Documents/PredictiveModeling/TV/stations/KSAZ-TV/Political Files/2018/Non-Candidate Issue Ads/DCCC,House,KSAZ-TV,Democrat,Democratic Congressional Campaign Committee,DCCC,KASW,21
2018,,Non-Candidate Issue Ads,Defend Arizona,/home/andrew/Documents/PredictiveModeling/TV/stations/KSAZ-TV/Political Files/2018/Non-Candidate Issue Ads/Defend Arizona,,KSAZ-TV,,Defend Arizona,Defend AZ,KASW,19
2018,,Non-Candidate Issue Ads,House Majority PAC,/home/andrew/Documents/PredictiveModeling/TV/stations/KSAZ-TV/Political Files/2018/Non-Candidate Issue Ads/House Majority PAC,House,KSAZ-TV,,House Majority PAC,House Majority,KASW,31
2018,,Non-Candidate Issue Ads,DSCC,/home/andrew/Documents/PredictiveModeling/TV/stations/KSAZ-TV/Political Files/2018/Non-Candidate Issue Ads/DSCC,Senate,KSAZ-TV,Democrat,DSCC,DSCC,KASW,17
2018,,Non-Candidate Issue Ads,NRCC-IE,/home/andrew/Documents/PredictiveModeling/TV/stations/KSAZ-TV/Political Files/2018/Non-Candidate Issue Ads/NRCC-IE,House,KSAZ-TV,Republican,NRCC IE,NRCC IE,KNXV-TV,45
2018,,State,Steve Gaynor for AZ SOS,/home/andrew/Documents/PredictiveModeling/TV/stations/KSAZ-TV/Political Files/2018/State/Steve Gaynor for AZ SOS,Secretary of State,KSAZ-TV,,Steve Gaynor,Gaynor for AZ Secretary of State - GENERAL ELECTION,KNXV-TV,27
2018,,State,Kate Gallego for Phoenix Mayor,/home/andrew/Documents/PredictiveModeling/TV/stations/KSAZ-TV/Political Files/2018/State/Kate Gallego for Phoenix Mayor,Mayor,KSAZ-TV,,Kate Gallego,Gallego for Mayor,KASW,24
2018,,State,Doug Ducey for Governor,/home/andrew/Documents/PredictiveModeling/TV/stations/KSAZ-TV/Political Files/2018/State/Doug Ducey for Governor,Governor,KSAZ-TV,,Doug Ducey,D DUCEY AZRP,KASW,16
2018,,State,David Garcia for Governor,/home/andrew/Documents/PredictiveModeling/TV/stations/KSAZ-TV/Political Files/2018/State/David Garcia for Governor,Governor,KSAZ-TV,,David Garcia,Garcia for Governor - GENERAL ELECTION,KNXV-TV,26
2018,,State,AZ Republican Prty - D Ducey For Governor,/home/andrew/Documents/PredictiveModeling/TV/stations/KSAZ-TV/Political Files/2018/State/AZ Republican Prty - D Ducey For Governor,Governor,KSAZ-TV,Republican,Ducey,D DUCEY AZRP,KASW,16
2018,,State,Kathy Hoffman for Superintendent of Public Education,/home/andrew/Documents/PredictiveModeling/TV/stations/KSAZ-TV/Political Files/2018/State/Kathy Hoffman for Superintendent of Public Education,Superintendent of Public Instruction,KSAZ-TV,,Kathy Hoffman,Hoffman Democrat State Superintendent - GENERAL ELECTION,KNXV-TV,30
2018,,State,Mark Brnovich for Attorney General,/home/andrew/Documents/PredictiveModeling/TV/stations/KSAZ-TV/Political Files/2018/State/Mark Brnovich for Attorney General,Attorney General,KSAZ-TV,,Mark Brnovich,Arizona Republican Party - Mark Brnovich for AZ,KNXV-TV,43
2018,,State,AZ Republican party - Mark Brnovich for Attorney General,/home/andrew/Documents/PredictiveModeling/TV/stations/KSAZ-TV/Political Files/2018/State/AZ Republican party - Mark Brnovich for Attorney General,Attorney General,KSAZ-TV,Republican,Mark Brnovich,Arizona Republican Party - Mark Brnovich for AZ,KNXV-TV,43
2018,,State,Katie Hobbs for Secretary of State,/home/andrew/Documents/PredictiveModeling/TV/stations/KSAZ-TV/Political Files/2018/State/Katie Hobbs for Secretary of State,Secretary of State,KSAZ-TV,,Katie Hobbs,Katie Hobbs for Secretary of State,KASW,36
2018,,State,AZ Democratic Prty Behalf of K Hobbs,/home/andrew/Documents/PredictiveModeling/TV/stations/KSAZ-TV/Political Files/2018/State/AZ Democratic Prty Behalf of K Hobbs,,KSAZ-TV,Democrat,K Hobbs,Katie Hobbs for Secretary of State,KASW,36
2018,,State,CHISPA AZ PAC,/home/andrew/Documents/PredictiveModeling/TV/stations/KSAZ-TV/Political Files/2018/State/CHISPA AZ PAC,,KSAZ-TV,,CHISPA  PAC,CHISPA AZ PAC,KSAZ-TV,11
2018,,State,Steve Farley for Governor,/home/andrew/Documents/PredictiveModeling/TV/stations/KSAZ-TV/Political Files/2018/State/Steve Farley for Governor,Governor,KSAZ-TV,,Steve Farley,Farley for Governor - PRIMARY ELECTION,KNXV-TV,22
2018,,State,AZ Dem Party auth January for AG,/home/andrew/Documents/PredictiveModeling/TV/stations/KSAZ-TV/Political Files/2018/State/AZ Dem Party auth January for AG,Attorney General,KSAZ-TV,Democrat,January,Arizona Democratic Party - Contreras for Attorney General - GENERAL ELECTION,KNXV-TV,15
2018,,Federal,SINEMA,/home/andrew/Documents/PredictiveModeling/TV/stations/KTAZ/Political Files/2018/Federal/US Senate/SINEMA,,KTAZ,,SINEMA,Kyrsten Sinema,KASW,37
2018,,Non-Candidate Issue Ads,PFAW,/home/andrew/Documents/PredictiveModeling/TV/stations/KTAZ/Political Files/2018/Non-Candidate Issue Ads/PFAW,,KTAZ,,People for the American Way,PFAW,KTAZ,50
2018,,Non-Candidate Issue Ads,INVEST IN EDUCATION COMMITTEE,/home/andrew/Documents/PredictiveModeling/TV/stations/KTAZ/Political Files/2018/Non-Candidate Issue Ads/INVEST IN EDUCATION COMMITTEE,,KTAZ,,INVEST IN EDUCATION COMMITTEE,INVEST IN EDUCATION COMMITTEE,KTAZ,32
2018,,Non-Candidate Issue Ads,LATINO VOTE,/home/andrew/Documents/PredictiveModeling/TV/stations/KTAZ/Political Files/2018/Non-Candidate Issue Ads/LATINO VOTE,,KTAZ,,LATINO VOTE,LATINO VOTE,KTAZ,38
2018,,Non-Candidate Issue Ads,WOMEN VOTE,/home/andrew/Documents/PredictiveModeling/TV/stations/KTAZ/Political Files/2018/Non-Candidate Issue Ads/WOMEN VOTE,,KTAZ,,WOMEN VOTE,WOMEN VOTE,KTAZ,65
2018,,Non-Candidate Issue Ads,AZ EDUCATION ASSOCIATION,/home/andrew/Documents/PredictiveModeling/TV/stations/KTAZ/Political Files/2018/Non-Candidate Issue Ads/AZ EDUCATION ASSOCIATION,,KTAZ,,ARIZONA EDUCATION ASSOCIATION,Arizona Education Association,KNXV-TV,7
2018,,Non-Candidate Issue Ads,ACLU,/home/andrew/Documents/PredictiveModeling/TV/stations/KTAZ/Political Files/2018/Non-Candidate Issue Ads/ACLU,,KTAZ,,American Civil Liberties Union,ACLU AZ,KNXV-TV,4
2018,,State,DOUG DUCEY,/home/andrew/Documents/PredictiveModeling/TV/stations/KTAZ/Political Files/2018/State/DOUG DUCEY,,KTAZ,,DOUG DUCEY,D DUCEY AZRP,KASW,16
2018,,State,DAVID GARCIA,/home/andrew/Documents/PredictiveModeling/TV/stations/KTAZ/Political Files/2018/State/DAVID GARCIA,,KTAZ,,DAVID GARCIA,Garcia for Governor - GENERAL ELECTION,KNXV-TV,26
2018,,Federal,DSCC SINEMA FOR ARIZONA,/home/andrew/Documents/PredictiveModeling/TV/stations/KTVK/Political Files/2018/Federal/US Senate/DSCC SINEMA FOR ARIZONA,Senate,KTVK,Democrat,SINEMA,Kyrsten Sinema,KASW,37
2018,,Federal,MCSALLY FOR US SENATE,/home/andrew/Documents/PredictiveModeling/TV/stations/KTVK/Political Files/2018/Federal/US Senate/MCSALLY FOR US SENATE,Senate,KTVK,,MCSALLY,McSally for Senate,KASW,44
2018,,Federal,SINEMA FOR ARIZONA,/home/andrew/Documents/PredictiveModeling/TV/stations/KTVK/Political Files/2018/Federal/US Senate/SINEMA FOR ARIZONA,,KTVK,,SINEMA,Kyrsten Sinema,KASW,37
2018,,Federal,NRSC MCSALLY FOR US SENATE,/home/andrew/Documents/PredictiveModeling/TV/stations/KTVK/Political Files/2018/Federal/US Senate/NRSC MCSALLY FOR US SENATE,Senate,KTVK,Republican,MCSALLY,McSally for Senate,KASW,44
2018,AZ 07,Federal,RUBEN GALLEGO US CONGRESS AZ-07,/home/andrew/Documents/PredictiveModeling/TV/stations/KTVK/Political Files/2018/Federal/US House/AZ 07,House,KTVK,,RUBEN GALLEGO  07,GallegoDemocratCongress,KNXV-TV,25
2018,AZ 09,Federal,GREG STANTON D CONGRESS AZ 09,/home/andrew/Documents/PredictiveModeling/TV/stations/KTVK/Political Files/2018/Federal/US House/AZ 09,House,KTVK,Democrat,GREG STANTON  09,Greg Stanton for Congress,KASW,28
2018,AZ 09,Federal,STEVE FERRARA FOR CONGRESS AZ 09,/home/andrew/Documents/PredictiveModeling/TV/stations/KTVK/Political Files/2018/Federal/US House/AZ 09,House,KTVK,,STEVE FERRARA    09,STEVE FERRARA FOR CONGRESS AZ 09,KTVK,53
2018,AZ 01,Federal,TIFFANY SHEDD FOR CONGRESS R AZ 01,/home/andrew/Documents/PredictiveModeling/TV/stations/KTVK/Political Files/2018/Federal/US House/AZ 01,House,KTVK,Republican,TIFFANY SHEDD   01,TIFFANY SHEDD FOR US CONGRESS AS-1,KPHO-TV,58
2018,AZ 01,Federal,DCCC T OHALLERAN FOR US CONGRESS AZ-1,/home/andrew/Documents/PredictiveModeling/TV/stations/KTVK/Political Files/2018/Federal/US House/AZ 01,House,KTVK,Democrat,T OHALLERAN   1,DCCC T OHALLERAN AZ-1,KASW,57
2018,AZ 01,Federal,WENDY ROGERS FOR US CONGRESS AZ 01,/home/andrew/Documents/PredictiveModeling/TV/stations/KTVK/Political Files/2018/Federal/US House/AZ 01,House,KTVK,,WENDY ROGERS   01,WENDY ROGERS FOR US CONGRESS AZ-1,KPHO-TV,64
2018,AZ 01,Federal,TOM OHALLERAN FOR CONGRESS D AZ 01,/home/andrew/Documents/PredictiveModeling/TV/stations/KTVK/Political Files/2018/Federal/US House/AZ 01,House,KTVK,Democrat,TOM OHALLERAN   01,DCCC T OHALLERAN AZ-1,KASW,57
2018,AZ 08,Federal,D LESKO R CONGRESS,/home/andrew/Documents/PredictiveModeling/TV/stations/KTVK/Political Files/2018/Federal/US House/AZ 08,House,KTVK,Republican,D LESKO,NRCC Lesko for Congress,KNXV-TV,39
2018,AZ 08,Federal,D LESKO NRCC R CONGRESS,/home/andrew/Documents/PredictiveModeling/TV/stations/KTVK/Political Files/2018/Federal/US House/AZ 08,House,KTVK,Republican,D LESKO,NRCC Lesko for Congress,KNXV-TV,39
2018,AZ 08,Federal,LESKO FOR CONGRESS - AZ REPUBLICAN PARTY,/home/andrew/Documents/PredictiveModeling/TV/stations/KTVK/Political Files/2018/Federal/US House/AZ 08,House,KTVK,Republican,LESKO,NRCC Lesko for Congress,KNXV-TV,39
2018,AZ 08,Federal,HIRAL TIPRNENI DCONGRESS,/home/andrew/Documents/PredictiveModeling/TV/stations/KTVK/Political Files/2018/Federal/US House/AZ 08,House,KTVK,,HIRAL TIPRNENI D,HIRAL TIPRNENI DCONGRESS,KTVK,29
2018,,Non-Candidate Issue Ads,NRCC - AZ 08,/home/andrew/Documents/PredictiveModeling/TV/stations/KTVK/Political Files/2018/Non-Candidate Issue Ads/NRCC - AZ 08,House,KTVK,Republican,NRCC   ARIZONA 08,NRCC - AZ 08,KTVK,46
2018,,Non-Candidate Issue Ads,WORKING FAMILIES,/home/andrew/Documents/PredictiveModeling/TV/stations/KTVK/Political Files/2018/Non-Candidate Issue Ads/WORKING FAMILIES,,KTVK,,WORKING FAMILIES,Working Families Party IE,KNXV-TV,67
2018,,Non-Candidate Issue Ads,DEFEND ARIZONA,/home/andrew/Documents/PredictiveModeling/TV/stations/KTVK/Political Files/2018/Non-Candidate Issue Ads/DEFEND ARIZONA,,KTVK,,DEFEND ARIZONA,Defend AZ,KASW,19
2018,,Non-Candidate Issue Ads,TAX MARCH,/home/andrew/Documents/PredictiveModeling/TV/stations/KTVK/Political Files/2018/Non-Candidate Issue Ads/TAX MARCH,,KTVK,,TAX MARCH,Tax March,KASW,59
2018,,Non-Candidate Issue Ads,RED AND GOLD,/home/andrew/Documents/PredictiveModeling/TV/stations/KTVK/Political Files/2018/Non-Candidate Issue Ads/RED AND GOLD,,KTVK,,RED AND GOLD,Red and Gold,KASW,51
2018,,Non-Candidate Issue Ads,VOTE VETS ACTION FUND - MAJORITY FORWARD,/home/andrew/Documents/PredictiveModeling/TV/stations/KTVK/Political Files/2018/Non-Candidate Issue Ads/VOTE VETS ACTION FUND - MAJORITY FORWARD,,KTVK,,VOTE VETS ACTION FUND   MAJORITY FORWARD,MAJORITY FORWARD-VOTE VETS ACTION FUND,KPHO-TV,41
2018,,Non-Candidate Issue Ads,PATRIOT MAJORITY USA,/home/andrew/Documents/PredictiveModeling/TV/stations/KTVK/Political Files/2018/Non-Candidate Issue Ads/PATRIOT MAJORITY USA,,KTVK,,PATRIOT MAJORITY USA,Patriot Majority,KASW,49
2018,,Non-Candidate Issue Ads,MAJORITY FORWARD,/home/andrew/Documents/PredictiveModeling/TV/stations/KTVK/Political Files/2018/Non-Candidate Issue Ads/MAJORITY FORWARD,,KTVK,,MAJORITY FORWARD,MAJORITY FORWARD-VOTE VETS ACTION FUND,KPHO-TV,41
2018,,Non-Candidate Issue Ads,ONE NATION,/home/andrew/Documents/PredictiveModeling/TV/stations/KTVK/Political Files/2018/Non-Candidate Issue Ads/ONE NATION,,KTVK,,ONE NATION,One Nation,KASW,48
2018,,Non-Candidate Issue Ads,RGA AZ PAC,/home/andrew/Documents/PredictiveModeling/TV/stations/KTVK/Political Files/2018/Non-Candidate Issue Ads/RGA AZ PAC,Governor,KTVK,Republican,Republican Governors Association ARIZONA PAC,Republican Governors Association,KASW,52
2018,,Non-Candidate Issue Ads,AZ REPUBLICAN PARTY,/home/andrew/Documents/PredictiveModeling/TV/stations/KTVK/Political Files/2018/Non-Candidate Issue Ads/AZ REPUBLICAN PARTY,,KTVK,Republican,ARIZONA REPUBLICAN PARTY,Arizona Republican Party,KASW,8
2018,,Non-Candidate Issue Ads,AZ EDUCATION PROJECT,/home/andrew/Documents/PredictiveModeling/TV/stations/KTVK/Political Files/2018/Non-Candidate Issue Ads/AZ EDUCATION PROJECT,,KTVK,,ARIZONA EDUCATION PROJECT,ARIZONA EDUCATION PROJECT,KPHO-TV,3
2018,,Non-Candidate Issue Ads,MAJORITY FORWARD VOTE VETS PAC,/home/andrew/Documents/PredictiveModeling/TV/stations/KTVK/Political Files/2018/Non-Candidate Issue Ads/MAJORITY FORWARD VOTE VETS PAC,,KTVK,,MAJORITY FORWARD VOTE VETS PAC,MAJORITY FORWARD-VOTE VETS ACTION FUND,KPHO-TV,41
2018,,Non-Candidate Issue Ads,US CHAMBER OF COMMERCE,/home/andrew/Documents/PredictiveModeling/TV/stations/KTVK/Political Files/2018/Non-Candidate Issue Ads/US CHAMBER OF COMMERCE,,KTVK,,US CHAMBER OF COMMERCE,US Chamber of Commerce,KNXV-TV,62
2018,,Non-Candidate Issue Ads,DSCC-IE,/home/andrew/Documents/PredictiveModeling/TV/stations/KTVK/Political Files/2018/Non-Candidate Issue Ads/DSCC-IE,Senate,KTVK,Democrat,DSCC IE,DSCC,KASW,17
2018,,Non-Candidate Issue Ads,NRSC,/home/andrew/Documents/PredictiveModeling/TV/stations/KTVK/Political Files/2018/Non-Candidate Issue Ads/NRSC,Senate,KTVK,Republican,NRSC,NRSC,KASW,47
2018,,Non-Candidate Issue Ads,AFSCME PEOPLE,/home/andrew/Documents/PredictiveModeling/TV/stations/KTVK/Political Files/2018/Non-Candidate Issue Ads/AFSCME PEOPLE,,KTVK,,AFSCME PEOPLE,AFSCME People Pac,KASW,2
2018,,Non-Candidate Issue Ads,AZ FOR FREEDOM,/home/andrew/Documents/PredictiveModeling/TV/stations/KTVK/Political Files/2018/Non-Candidate Issue Ads/AZ FOR FREEDOM,,KTVK,,ARIZONA FOR FREEDOM,Arizona for Freedom,KNXV-TV,9
2018,,Non-Candidate Issue Ads,HOUSE MAJORITY PAC,/home/andrew/Documents/PredictiveModeling/TV/stations/KTVK/Political Files/2018/Non-Candidate Issue Ads/HOUSE MAJORITY PAC,House,KTVK,,HOUSE MAJORITY PAC,House Majority,KASW,31
2018,,Non-Candidate Issue Ads,DCCC,/home/andrew/Documents/PredictiveModeling/TV/stations/KTVK/Political Files/2018/Non-Candidate Issue Ads/DCCC,House,KTVK,Democrat,Democratic Congressional Campaign Committee,DCCC,KASW,21
2018,,Non-Candidate Issue Ads,NRSC IE,/home/andrew/Documents/PredictiveModeling/TV/stations/KTVK/Political Files/2018/Non-Candidate Issue Ads/NRSC IE,Senate,KTVK,Republican,NRSC,NRSC,KASW,47
2018,,State,KATE GALLEGO FOR PHOENIX MAYOR,/home/andrew/Documents/PredictiveModeling/TV/stations/KTVK/Political Files/2018/State/KATE GALLEGO FOR PHOENIX MAYOR,Mayor,KTVK,,KATE GALLEGO,Gallego for Mayor,KASW,24
2018,,State,AZ DEMS ON BEHALF OF KATIE HOBBS,/home/andrew/Documents/PredictiveModeling/TV/stations/KTVK/Political Files/2018/State/AZ DEMS ON BEHALF OF KATIE HOBBS,,KTVK,Democrat,ON  KATIE HOBBS,Katie Hobbs for Secretary of State,KASW,36
2018,,State,D DUCEY AZRP,/home/andrew/Documents/PredictiveModeling/TV/stations/KTVK/Political Files/2018/State/D DUCEY AZRP,,KTVK,Republican,D DUCEY,D DUCEY AZRP,KASW,16
2018,,State,MARK MANOIL D  AZ STATE TREASURER,/home/andrew/Documents/PredictiveModeling/TV/stations/KTVK/Political Files/2018/State/MARK MANOIL D  AZ STATE TREASURER,State Treasurer,KTVK,Democrat,MARK MANOIL,Manoil Democrat State Treasurer - PRIMARY ELECTION,KNXV-TV,42
2018,,State,KATIE HOBBS SEC OF STATE AZ DEM PARTY,/home/andrew/Documents/PredictiveModeling/TV/stations/KTVK/Political Files/2018/State/KATIE HOBBS SEC OF STATE AZ DEM PARTY,Secretary of State,KTVK,Democrat,KATIE HOBBS,Katie Hobbs for Secretary of State,KASW,36
2018,,State,STEVE GAYNOR FOR AZ SEC OF STATE,/home/andrew/Documents/PredictiveModeling/TV/stations/KTVK/Political Files/2018/State/STEVE GAYNOR FOR AZ SEC OF STATE,Secretary of State,KTVK,,STEVE GAYNOR,Gaynor for AZ Secretary of State - GENERAL ELECTION,KNXV-TV,27
2018,,State,AZ REP PARTY FOR MARCK BRNOVICH ATY GENERAL,/home/andrew/Documents/PredictiveModeling/TV/stations/KTVK/Political Files/2018/State/AZ REP PARTY FOR MARCK BRNOVICH ATY GENERAL,Attorney General,KTVK,Republican,MARCK BRNOVICH,Arizona Republican Party - Mark Brnovich for AZ,KNXV-TV,43
2018,,State,DAVID GARCIA D GOV AZ,/home/andrew/Documents/PredictiveModeling/TV/stations/KTVK/Political Files/2018/State/DAVID GARCIA D GOV AZ,Governor,KTVK,Democrat,DAVID GARCIA,Garcia for Governor - GENERAL ELECTION,KNXV-TV,26
2018,,State,DAVID VALENZUELA FOR PHX MAYOR,/home/andrew/Documents/PredictiveModeling/TV/stations/KTVK/Political Files/2018/State/DAVID VALENZUELA FOR PHX MAYOR,Mayor,KTVK,,DAVID VALENZUELA,Valenzuela Democrat Mayor,KNXV-TV,63
2018,,State,AZ DEM PARTY JANUARY CONTRERAS,/home/andrew/Documents/PredictiveModeling/TV/stations/KTVK/Political Files/2018/State/AZ DEM PARTY JANUARY CONTRERAS,,KTVK,Democrat,JANUARY CONTRERAS,Arizona Democratic Party - Contreras for Attorney General - GENERAL ELECTION,KNXV-TV,15
2018,,State,MARK BRNOVICH R ATTORNEY GENERAL,/home/andrew/Documents/PredictiveModeling/TV/stations/KTVK/Political Files/2018/State/MARK BRNOVICH R ATTORNEY GENERAL,Attorney General,KTVK,Republican,MARK BRNOVICH,Arizona Republican Party - Mark Brnovich for AZ,KNXV-TV,43
2018,,State,STEVE FARLEY D GOV AZ,/home/andrew/Documents/PredictiveModeling/TV/stations/KTVK/Political Files/2018/State/STEVE FARLEY D GOV AZ,Governor,KTVK,Democrat,STEVE FARLEY,Farley for Governor - PRIMARY ELECTION,KNXV-TV,22
2018,,State,D DUCEY R GOV AZ,/home/andrew/Documents/PredictiveModeling/TV/stations/KTVK/Political Files/2018/State/D DUCEY R GOV AZ,Governor,KTVK,Republican,D DUCEY,D DUCEY AZRP,KASW,16
2018,,State,KATHY HOFFMAN STATE SUPERINTENDENT OF PUBLIC INSTRUCTION,/home/andrew/Documents/PredictiveModeling/TV/stations/KTVK/Political Files/2018/State/KATHY HOFFMAN STATE SUPERINTENDENT OF PUBLIC INSTRUCTION,Superintendent of Public Instruction,KTVK,,KATHY HOFFMAN  OF PUBLIC INSTRUCTION,KATHY HOFFMAN STATE SUPERINTENDENT OF PUBLIC INSTRUCTION,KTVK,33
2018,,Federal,American Civil Liberties Union Inc - ACLU AZ,/home/andrew/Documents/PredictiveModeling/TV/stations/KTVW-DT/Political Files/2018/Federal/US Senate/American Civil Liberties Union Inc - ACLU AZ,,KTVW-DT,,American Civil Liberties Union Inc   ACLU,American Civil Liberties Union Inc - ACLU AZ,KTVW-DT,5
2018,,Federal,Sinema for Arizona - US Senate,/home/andrew/Documents/PredictiveModeling/TV/stations/KTVW-DT/Political Files/2018/Federal/US Senate/Sinema for Arizona - US Senate,Senate,KTVW-DT,,Sinema,Kyrsten Sinema,KASW,37
2018,,Non-Candidate Issue Ads,cult Insights- Mi Familia Vota,/home/andrew/Documents/PredictiveModeling/TV/stations/KTVW-DT/Political Files/2018/Non-Candidate Issue Ads/cult Insights- Mi Familia Vota,,KTVW-DT,,cult Insights  Mi Familia Vota,cult Insights- Mi Familia Vota,KTVW-DT,69
2018,,Non-Candidate Issue Ads,Tom Steyer- Impeach Trump,/home/andrew/Documents/PredictiveModeling/TV/stations/KTVW-DT/Political Files/2018/Non-Candidate Issue Ads/Tom Steyer- Impeach Trump,,KTVW-DT,,Tom Steyer  Impeach Trump,Tom Steyer- Impeach Trump,KTVW-DT,60
2018,,Non-Candidate Issue Ads,KTVW Latino Vote,/home/andrew/Documents/PredictiveModeling/TV/stations/KTVW-DT/Political Files/2018/Non-Candidate Issue Ads/KTVW Latino Vote,,KTVW-DT,,KTVW Latino Vote,LATINO VOTE,KTAZ,38
2018,,Non-Candidate Issue Ads,People for the American Way -KTVW,/home/andrew/Documents/PredictiveModeling/TV/stations/KTVW-DT/Political Files/2018/Non-Candidate Issue Ads/People for the American Way -KTVW,,KTVW-DT,,People for the American Way  KTVW,PFAW,KTAZ,50
2018,,State,Women Vote,/home/andrew/Documents/PredictiveModeling/TV/stations/KTVW-DT/Political Files/2018/State/Women Vote,,KTVW-DT,,Women Vote,Women Vote,KTVW-DT,66
2018,,State,KTVW AZ Education Assoc-Teacher Walkout,/home/andrew/Documents/PredictiveModeling/TV/stations/KTVW-DT/Political Files/2018/State/KTVW AZ Education Assoc-Teacher Walkout,,KTVW-DT,,KTVW  Education Assoc Teacher Walkout,KTVW AZ Education Assoc-Teacher Walkout,KTVW-DT,34
2018,,State,KTVW  David Garcia for AZ GOV of AZ,/home/andrew/Documents/PredictiveModeling/TV/stations/KTVW-DT/Political Files/2018/State/KTVW  David Garcia for AZ GOV of AZ,Governor,KTVW-DT,,KTVW  David Garcia    of,Garcia for Governor - GENERAL ELECTION,KNXV-TV,26
2018,,State,KTVW Doug Ducey for GOV of AZ  2018,/home/andrew/Documents/PredictiveModeling/TV/stations/KTVW-DT/Political Files/2018/State/KTVW Doug Ducey for GOV of AZ  2018,Governor,KTVW-DT,,KTVW Doug Ducey   of,D DUCEY AZRP,KASW,16
2018,,State,KTVW- Sears for AZ,/home/andrew/Documents/PredictiveModeling/TV/stations/KTVW-DT/Political Files/2018/State/KTVW- Sears for AZ,,KTVW-DT,,KTVW  Sears,KTVW- Sears for AZ,KTVW-DT,35
2018,,Federal,DSCC - Sinema For Arizona,/home/andrew/Documents/PredictiveModeling/TV/stations/KUTP/Political Files/2018/Federal/US Senate/DSCC - Sinema For Arizona,Senate,KUTP,Democrat,Sinema,Kyrsten Sinema,KASW,37
2018,,Federal,Sinema For Arizona,/home/andrew/Documents/PredictiveModeling/TV/stations/KUTP/Political Files/2018/Federal/US Senate/Sinema For Arizona,,KUTP,,Sinema,Kyrsten Sinema,KASW,37
2018,,Federal,McSally for US Senate,/home/andrew/Documents/PredictiveModeling/TV/stations/KUTP/Political Files/2018/Federal/US Senate/McSally for US Senate,Senate,KUTP,,McSally,McSally for Senate,KASW,44
2018,,Federal,DCCC - Tom OHalleran For Congress,/home/andrew/Documents/PredictiveModeling/TV/stations/KUTP/Political Files/2018/Federal/US House/DCCC - Tom OHalleran For Congress,House,KUTP,Democrat,Tom OHalleran,DCCC T OHALLERAN AZ-1,KASW,57
2018,,Federal,Stanton For Congress,/home/andrew/Documents/PredictiveModeling/TV/stations/KUTP/Political Files/2018/Federal/US House/Stanton For Congress,House,KUTP,,Stanton,Greg Stanton for Congress,KASW,28
2018,,Federal,Hiral Tipirneni,/home/andrew/Documents/PredictiveModeling/TV/stations/KUTP/Political Files/2018/Federal/US House/Hiral Tipirneni,,KUTP,,Hiral Tipirneni,HIRAL TIPRNENI DCONGRESS,KTVK,29
2018,,Federal,Tom OHalleran for Congress,/home/andrew/Documents/PredictiveModeling/TV/stations/KUTP/Political Files/2018/Federal/US House/Tom OHalleran for Congress,House,KUTP,,Tom OHalleran,DCCC T OHALLERAN AZ-1,KASW,57
2018,,Federal,NRCC - Lesko For Congress,/home/andrew/Documents/PredictiveModeling/TV/stations/KUTP/Political Files/2018/Federal/US House/NRCC - Lesko For Congress,House,KUTP,Republican,Lesko,NRCC Lesko for Congress,KNXV-TV,39
2018,,Non-Candidate Issue Ads,45 Committee,/home/andrew/Documents/PredictiveModeling/TV/stations/KUTP/Political Files/2018/Non-Candidate Issue Ads/45 Committee,,KUTP,,45 Committee,45 Committe PAC,KASW,1
2018,,Non-Candidate Issue Ads,Majority Forward  Vote Vets PAC,/home/andrew/Documents/PredictiveModeling/TV/stations/KUTP/Political Files/2018/Non-Candidate Issue Ads/Majority Forward  Vote Vets PAC,,KUTP,,Majority Forward  Vote Vets PAC,MAJORITY FORWARD-VOTE VETS ACTION FUND,KPHO-TV,41
2018,,Non-Candidate Issue Ads,AFSCME People,/home/andrew/Documents/PredictiveModeling/TV/stations/KUTP/Political Files/2018/Non-Candidate Issue Ads/AFSCME People,,KUTP,,AFSCME People,AFSCME People Pac,KASW,2
2018,,Non-Candidate Issue Ads,Tax March,/home/andrew/Documents/PredictiveModeling/TV/stations/KUTP/Political Files/2018/Non-Candidate Issue Ads/Tax March,,KUTP,,Tax March,Tax March,KASW,59
2018,,Non-Candidate Issue Ads,US Chamber of Commerce,/home/andrew/Documents/PredictiveModeling/TV/stations/KUTP/Political Files/2018/Non-Candidate Issue Ads/US Chamber of Commerce,,KUTP,,US Chamber of Commerce,US Chamber of Commerce,KNXV-TV,62
2018,,Non-Candidate Issue Ads,Patriot Majority USA,/home/andrew/Documents/PredictiveModeling/TV/stations/KUTP/Political Files/2018/Non-Candidate Issue Ads/Patriot Majority USA,,KUTP,,Patriot Majority USA,Patriot Majority,KASW,49
2018,,Non-Candidate Issue Ads,NRSC-IE,/home/andrew/Documents/PredictiveModeling/TV/stations/KUTP/Political Files/2018/Non-Candidate Issue Ads/NRSC-IE,Senate,KUTP,Republican,NRSC IE,NRSC,KASW,47
2018,,Non-Candidate Issue Ads,One Nation,/home/andrew/Documents/PredictiveModeling/TV/stations/KUTP/Political Files/2018/Non-Candidate Issue Ads/One Nation,,KUTP,,One Nation,One Nation,KASW,48
2018,,Non-Candidate Issue Ads,Red and Gold,/home/andrew/Documents/PredictiveModeling/TV/stations/KUTP/Political Files/2018/Non-Candidate Issue Ads/Red and Gold,,KUTP,,Red and Gold,Red and Gold,KASW,51
2018,,Non-Candidate Issue Ads,Arizona For Freedom,/home/andrew/Documents/PredictiveModeling/TV/stations/KUTP/Political Files/2018/Non-Candidate Issue Ads/Arizona For Freedom,,KUTP,,Arizona For Freedom,Arizona for Freedom,KNXV-TV,9
2018,,Non-Candidate Issue Ads,Vote Vets - Majority Forward,/home/andrew/Documents/PredictiveModeling/TV/stations/KUTP/Political Files/2018/Non-Candidate Issue Ads/Vote Vets - Majority Forward,,KUTP,,Vote Vets   Majority Forward,MAJORITY FORWARD-VOTE VETS ACTION FUND,KPHO-TV,41
2018,,Non-Candidate Issue Ads,Arizona Education Association,/home/andrew/Documents/PredictiveModeling/TV/stations/KUTP/Political Files/2018/Non-Candidate Issue Ads/Arizona Education Association,,KUTP,,Arizona Education Association,Arizona Education Association,KNXV-TV,7
2018,,Non-Candidate Issue Ads,Arizonans For Affordable Electricity,/home/andrew/Documents/PredictiveModeling/TV/stations/KUTP/Political Files/2018/Non-Candidate Issue Ads/Arizonans For Affordable Electricity,,KUTP,,Arizonans For Affordable Electricity,Arizonans for Affordable Electricity,KASW,10
2018,,Non-Candidate Issue Ads,Majority Forward,/home/andrew/Documents/PredictiveModeling/TV/stations/KUTP/Political Files/2018/Non-Candidate Issue Ads/Majority Forward,,KUTP,,Majority Forward,MAJORITY FORWARD-VOTE VETS ACTION FUND,KPHO-TV,41
2018,,Non-Candidate Issue Ads,DCCC,/home/andrew/Documents/PredictiveModeling/TV/stations/KUTP/Political Files/2018/Non-Candidate Issue Ads/DCCC,House,KUTP,Democrat,Democratic Congressional Campaign Committee,DCCC,KASW,21
2018,,Non-Candidate Issue Ads,Defend Arizona,/home/andrew/Documents/PredictiveModeling/TV/stations/KUTP/Political Files/2018/Non-Candidate Issue Ads/Defend Arizona,,KUTP,,Defend Arizona,Defend AZ,KASW,19
2018,,Non-Candidate Issue Ads,House Majority PAC,/home/andrew/Documents/PredictiveModeling/TV/stations/KUTP/Political Files/2018/Non-Candidate Issue Ads/House Majority PAC,House,KUTP,,House Majority PAC,House Majority,KASW,31
2018,,Non-Candidate Issue Ads,Arizona Republican Party - AZGOP,/home/andrew/Documents/PredictiveModeling/TV/stations/KUTP/Political Files/2018/Non-Candidate Issue Ads/Arizona Republican Party - AZGOP,,KUTP,Republican,Arizona Republican Party   ARIZONAGOP,Arizona Republican Party,KASW,8
2018,,Non-Candidate Issue Ads,DSCC,/home/andrew/Documents/PredictiveModeling/TV/stations/KUTP/Political Files/2018/Non-Candidate Issue Ads/DSCC,Senate,KUTP,Democrat,DSCC,DSCC,KASW,17
2018,,State,Steve Gaynor for AZ SOS,/home/andrew/Documents/PredictiveModeling/TV/stations/KUTP/Political Files/2018/State/Steve Gaynor for AZ SOS,Secretary of State,KUTP,,Steve Gaynor,Gaynor for AZ Secretary of State - GENERAL ELECTION,KNXV-TV,27
2018,,State,David Garcia for Governor,/home/andrew/Documents/PredictiveModeling/TV/stations/KUTP/Political Files/2018/State/David Garcia for Governor,Governor,KUTP,,David Garcia,Garcia for Governor - GENERAL ELECTION,KNXV-TV,26
2018,,State,Katie Hobbs For SOS,/home/andrew/Documents/PredictiveModeling/TV/stations/KUTP/Political Files/2018/State/Katie Hobbs For SOS,Secretary of State,KUTP,,Katie Hobbs,Katie Hobbs for Secretary of State,KASW,36
2018,,State,Doug Ducey For Governor,/home/andrew/Documents/PredictiveModeling/TV/stations/KUTP/Political Files/2018/State/Doug Ducey For Governor,Governor,KUTP,,Doug Ducey,D DUCEY AZRP,KASW,16
2018,,State,Arizona Republican Prty - D Ducey For Governor,/home/andrew/Documents/PredictiveModeling/TV/stations/KUTP/Political Files/2018/State/Arizona Republican Prty - D Ducey For Governor,Governor,KUTP,Republican,Ducey,D DUCEY AZRP,KASW,16
2018,,State,AZ Democratic Party - January for AG,/home/andrew/Documents/PredictiveModeling/TV/stations/KUTP/Political Files/2018/State/AZ Democratic Party - January for AG,Attorney General,KUTP,Democrat,January,Arizona Democratic Party - Contreras for Attorney General - GENERAL ELECTION,KNXV-TV,15
2018,,State,CHISPA AZ PAC,/home/andrew/Documents/PredictiveModeling/TV/stations/KUTP/Political Files/2018/State/CHISPA AZ PAC,,KUTP,,CHISPA  PAC,CHISPA AZ PAC,KSAZ-TV,11
2018,,State,Steve Farley for Governor,/home/andrew/Documents/PredictiveModeling/TV/stations/KUTP/Political Files/2018/State/Steve Farley for Governor,Governor,KUTP,,Steve Farley,Farley for Governor - PRIMARY ELECTION,KNXV-TV,22
2018,,Federal,DSCC - Kyrsten Sinema,/home/andrew/Documents/PredictiveModeling/TV/stations/KAZT-TV/Political Files/2018/Federal/US Senate/DSCC - Kyrsten Sinema,Senate,KAZT-TV,Democrat,Kyrsten Sinema,Kyrsten Sinema,KASW,37
2018,,Federal,Kyrsten Sinema,/home/andrew/Documents/PredictiveModeling/TV/stations/KAZT-TV/Political Files/2018/Federal/US Senate/Kyrsten Sinema,,KAZT-TV,,Kyrsten Sinema,Kyrsten Sinema,KASW,37
2018,,Federal,McSally for Senate,/home/andrew/Documents/PredictiveModeling/TV/stations/KAZT-TV/Political Files/2018/Federal/US Senate/McSally for Senate,Senate,KAZT-TV,,McSally,McSally for Senate,KASW,44
2018,,Federal,Andy Biggs,/home/andrew/Documents/PredictiveModeling/TV/stations/KAZT-TV/Political Files/2018/Federal/US House/Andy Biggs,,KAZT-TV,,Andy Biggs,Andy Biggs,KAZT-TV,6
2018,,Federal,Hiral Tipirneni,/home/andrew/Documents/PredictiveModeling/TV/stations/KAZT-TV/Political Files/2018/Federal/US House/Hiral Tipirneni,,KAZT-TV,,Hiral Tipirneni,HIRAL TIPRNENI DCONGRESS,KTVK,29
2018,,Federal,Tom OHalleran,/home/andrew/Documents/PredictiveModeling/TV/stations/KAZT-TV/Political Files/2018/Federal/US House/Tom OHalleran,,KAZT-TV,,Tom OHalleran,DCCC T OHALLERAN AZ-1,KASW,57
2018,,Federal,DCCC - Tom OHalleran,/home/andrew/Documents/PredictiveModeling/TV/stations/KAZT-TV/Political Files/2018/Federal/US House/DCCC - Tom OHalleran,House,KAZT-TV,Democrat,Tom OHalleran,DCCC T OHALLERAN AZ-1,KASW,57
2018,,Federal,Greg Stanton,/home/andrew/Documents/PredictiveModeling/TV/stations/KAZT-TV/Political Files/2018/Federal/US House/Greg Stanton,,KAZT-TV,,Greg Stanton,Greg Stanton for Congress,KASW,28
2018,,Non-Candidate Issue Ads,National Republican Senatorial Committee-IE,/home/andrew/Documents/PredictiveModeling/TV/stations/KAZT-TV/Political Files/2018/Non-Candidate Issue Ads/National Republican Senatorial Committee-IE,,KAZT-TV,,NRSC IE,NRSC,KASW,47
2018,,Non-Candidate Issue Ads,DSCC IE,/home/andrew/Documents/PredictiveModeling/TV/stations/KAZT-TV/Political Files/2018/Non-Candidate Issue Ads/DSCC IE,Senate,KAZT-TV,Democrat,DSCC,DSCC,KASW,17
2018,,Non-Candidate Issue Ads,Chispa AZ PAC,/home/andrew/Documents/PredictiveModeling/TV/stations/KAZT-TV/Political Files/2018/Non-Candidate Issue Ads/Chispa AZ PAC,,KAZT-TV,,Chispa ARIZONA PAC,Chispa AZ PAC,KNXV-TV,12
2018,,Non-Candidate Issue Ads,AFSCME People,/home/andrew/Documents/PredictiveModeling/TV/stations/KAZT-TV/Political Files/2018/Non-Candidate Issue Ads/AFSCME People,,KAZT-TV,,AFSCME People,AFSCME People Pac,KASW,2
2018,,Non-Candidate Issue Ads,Citizens for Fair Tax,/home/andrew/Documents/PredictiveModeling/TV/stations/KAZT-TV/Political Files/2018/Non-Candidate Issue Ads/Citizens for Fair Tax,,KAZT-TV,,Citizens for Fair Tax,Citizens for Fair Tax Policy - GENERAL,KNXV-TV,13
2018,,Non-Candidate Issue Ads,Tax March,/home/andrew/Documents/PredictiveModeling/TV/stations/KAZT-TV/Political Files/2018/Non-Candidate Issue Ads/Tax March,,KAZT-TV,,Tax March,Tax March,KASW,59
2018,,Non-Candidate Issue Ads,Vote Vets PAC,/home/andrew/Documents/PredictiveModeling/TV/stations/KAZT-TV/Political Files/2018/Non-Candidate Issue Ads/Vote Vets PAC,,KAZT-TV,,Vote Vets PAC,MAJORITY FORWARD-VOTE VETS ACTION FUND,KPHO-TV,41
2018,,Non-Candidate Issue Ads,Patriot Majority USA,/home/andrew/Documents/PredictiveModeling/TV/stations/KAZT-TV/Political Files/2018/Non-Candidate Issue Ads/Patriot Majority USA,,KAZT-TV,,Patriot Majority USA,Patriot Majority,KASW,49
2018,,Non-Candidate Issue Ads,Arizona Education Project,/home/andrew/Documents/PredictiveModeling/TV/stations/KAZT-TV/Political Files/2018/Non-Candidate Issue Ads/Arizona Education Project,,KAZT-TV,,Arizona Education Project,ARIZONA EDUCATION PROJECT,KPHO-TV,3
2018,,Non-Candidate Issue Ads,RGA AZ PAC,/home/andrew/Documents/PredictiveModeling/TV/stations/KAZT-TV/Political Files/2018/Non-Candidate Issue Ads/RGA AZ PAC,Governor,KAZT-TV,Republican,Republican Governors Association ARIZONA PAC,Republican Governors Association,KASW,52
2018,,Non-Candidate Issue Ads,One Nation,/home/andrew/Documents/PredictiveModeling/TV/stations/KAZT-TV/Political Files/2018/Non-Candidate Issue Ads/One Nation,,KAZT-TV,,One Nation,One Nation,KASW,48
2018,,Non-Candidate Issue Ads,Red and Gold,/home/andrew/Documents/PredictiveModeling/TV/stations/KAZT-TV/Political Files/2018/Non-Candidate Issue Ads/Red and Gold,,KAZT-TV,,Red and Gold,Red and Gold,KASW,51
2018,,Non-Candidate Issue Ads,Democratic Congressional Campaign,/home/andrew/Documents/PredictiveModeling/TV/stations/KAZT-TV/Political Files/2018/Non-Candidate Issue Ads/Democratic Congressional Campaign,House,KAZT-TV,Democrat,Democratic Congressional Campaign,DCCC,KASW,21
2018,,Non-Candidate Issue Ads,Vote Vets PAC-Majority Forward,/home/andrew/Documents/PredictiveModeling/TV/stations/KAZT-TV/Political Files/2018/Non-Candidate Issue Ads/Vote Vets PAC-Majority Forward,,KAZT-TV,,Vote Vets PAC Majority Forward,MAJORITY FORWARD-VOTE VETS ACTION FUND,KPHO-TV,41
2018,,Non-Candidate Issue Ads,Vote Vets Action Fund - Majority Forward,/home/andrew/Documents/PredictiveModeling/TV/stations/KAZT-TV/Political Files/2018/Non-Candidate Issue Ads/Vote Vets Action Fund - Majority Forward,,KAZT-TV,,Vote Vets Action Fund   Majority Forward,MAJORITY FORWARD-VOTE VETS ACTION FUND,KPHO-TV,41
2018,,Non-Candidate Issue Ads,Majority Forward,/home/andrew/Documents/PredictiveModeling/TV/stations/KAZT-TV/Political Files/2018/Non-Candidate Issue Ads/Majority Forward,,KAZT-TV,,Majority Forward,MAJORITY FORWARD-VOTE VETS ACTION FUND,KPHO-TV,41
2018,,Non-Candidate Issue Ads,Defend Arizona,/home/andrew/Documents/PredictiveModeling/TV/stations/KAZT-TV/Political Files/2018/Non-Candidate Issue Ads/Defend Arizona,,KAZT-TV,,Defend Arizona,Defend AZ,KASW,19
2018,,Non-Candidate Issue Ads,Yes For Ed AZ,/home/andrew/Documents/PredictiveModeling/TV/stations/KAZT-TV/Political Files/2018/Non-Candidate Issue Ads/Yes For Ed AZ,,KAZT-TV,,Yes For Ed ARIZONA,Yes For Ed AZ,KAZT-TV,68
2018,,Non-Candidate Issue Ads,Clean Energy for a Healthy Arizona,/home/andrew/Documents/PredictiveModeling/TV/stations/KAZT-TV/Political Files/2018/Non-Candidate Issue Ads/Clean Energy for a Healthy Arizona,,KAZT-TV,,Clean Energy for a Healthy Arizona,Clean Energy for a Healthy Arizona,KASW,14
2018,,State,Farley for Governor,/home/andrew/Documents/PredictiveModeling/TV/stations/KAZT-TV/Political Files/2018/State/Farley for Governor,Governor,KAZT-TV,,Farley,Farley for Governor - PRIMARY ELECTION,KNXV-TV,22
2018,,State,Mark Brnovich,/home/andrew/Documents/PredictiveModeling/TV/stations/KAZT-TV/Political Files/2018/State/Mark Brnovich,,KAZT-TV,,Mark Brnovich,Arizona Republican Party - Mark Brnovich for AZ,KNXV-TV,43
2018,,State,Arizona Democratice Party January,/home/andrew/Documents/PredictiveModeling/TV/stations/KAZT-TV/Political Files/2018/State/Arizona Democratice Party January,,KAZT-TV,Democrat,January,Arizona Democratic Party - Contreras for Attorney General - GENERAL ELECTION,KNXV-TV,15
2018,,State,Arizona Democratic Party Katie Hobbs,/home/andrew/Documents/PredictiveModeling/TV/stations/KAZT-TV/Political Files/2018/State/Arizona Democratic Party Katie Hobbs,,KAZT-TV,Democrat,Katie Hobbs,Katie Hobbs for Secretary of State,KASW,36
2018,,State,Steve Gaynor for SoS,/home/andrew/Documents/PredictiveModeling/TV/stations/KAZT-TV/Political Files/2018/State/Steve Gaynor for SoS,Secretary of State,KAZT-TV,,Steve Gaynor,Gaynor for AZ Secretary of State - GENERAL ELECTION,KNXV-TV,27
2018,,State,Doug Ducey,/home/andrew/Documents/PredictiveModeling/TV/stations/KAZT-TV/Political Files/2018/State/Doug Ducey,,KAZT-TV,,Doug Ducey,D DUCEY AZRP,KASW,16
2018,,Federal,Sinema-DSCC 2018,/home/andrew/Documents/PredictiveModeling/TV/stations/KPNX/Political Files/2018/Federal/US Senate/Sinema-DSCC 2018,Senate,KPNX,Democrat,Sinema,Kyrsten Sinema,KASW,37
2018,,Federal,Sinema 2018,/home/andrew/Documents/PredictiveModeling/TV/stations/KPNX/Political Files/2018/Federal/US Senate/Sinema 2018,,KPNX,,Sinema,Kyrsten Sinema,KASW,37
2018,,Federal,McSally-NRSC 2018,/home/andrew/Documents/PredictiveModeling/TV/stations/KPNX/Political Files/2018/Federal/US Senate/McSally-NRSC 2018,Senate,KPNX,Republican,McSally,McSally for Senate,KASW,44
2018,,Federal,McSally 2018,/home/andrew/Documents/PredictiveModeling/TV/stations/KPNX/Political Files/2018/Federal/US Senate/McSally 2018,,KPNX,,McSally,McSally for Senate,KASW,44
2018,,Federal,Tom OHalleran US House 2018,/home/andrew/Documents/PredictiveModeling/TV/stations/KPNX/Political Files/2018/Federal/US House/Tom OHalleran US House 2018,House,KPNX,,Tom OHalleran,DCCC T OHALLERAN AZ-1,KASW,57
2018,,Federal,Greg Stanton US House 2018,/home/andrew/Documents/PredictiveModeling/TV/stations/KPNX/Political Files/2018/Federal/US House/Greg Stanton US House 2018,House,KPNX,,Greg Stanton,Greg Stanton for Congress,KASW,28
2018,,Federal,Debbie Lesko AZ Republican Party 2018,/home/andrew/Documents/PredictiveModeling/TV/stations/KPNX/Political Files/2018/Federal/US House/Debbie Lesko AZ Republican Party 2018,,KPNX,Republican,Debbie Lesko,NRCC Lesko for Congress,KNXV-TV,39
2018,,Federal,Debbie Lesko 2018,/home/andrew/Documents/PredictiveModeling/TV/stations/KPNX/Political Files/2018/Federal/US House/Debbie Lesko 2018,,KPNX,,Debbie Lesko,NRCC Lesko for Congress,KNXV-TV,39
2018,,Federal,David Brill US House 2018,/home/andrew/Documents/PredictiveModeling/TV/stations/KPNX/Political Files/2018/Federal/US House/David Brill US House 2018,House,KPNX,,David Brill,David Brill US House 2018,KPNX,18
2018,,Federal,Tipirneni 2018,/home/andrew/Documents/PredictiveModeling/TV/stations/KPNX/Political Files/2018/Federal/US House/Tipirneni 2018,,KPNX,,Tipirneni,HIRAL TIPRNENI DCONGRESS,KTVK,29
2018,,Federal,Tiffany Shedd US House 2018,/home/andrew/Documents/PredictiveModeling/TV/stations/KPNX/Political Files/2018/Federal/US House/Tiffany Shedd US House 2018,House,KPNX,,Tiffany Shedd,TIFFANY SHEDD FOR US CONGRESS AS-1,KPHO-TV,58
2018,,Federal,Wendy Rogers 2018,/home/andrew/Documents/PredictiveModeling/TV/stations/KPNX/Political Files/2018/Federal/US House/Wendy Rogers 2018,,KPNX,,Wendy Rogers,WENDY ROGERS FOR US CONGRESS AZ-1,KPHO-TV,64
2018,,Federal,Debbie Lesko NRSC 2018,/home/andrew/Documents/PredictiveModeling/TV/stations/KPNX/Political Files/2018/Federal/US House/Debbie Lesko NRSC 2018,Senate,KPNX,Republican,Debbie Lesko,NRCC Lesko for Congress,KNXV-TV,39
2018,,Federal,Steve Ferrara US House 2018,/home/andrew/Documents/PredictiveModeling/TV/stations/KPNX/Political Files/2018/Federal/US House/Steve Ferrara US House 2018,House,KPNX,,Steve Ferrara,STEVE FERRARA FOR CONGRESS AZ 09,KTVK,53
2018,,Federal,Ruben Gallego US House 2018,/home/andrew/Documents/PredictiveModeling/TV/stations/KPNX/Political Files/2018/Federal/US House/Ruben Gallego US House 2018,House,KPNX,,Ruben Gallego,GallegoDemocratCongress,KNXV-TV,25
2018,,Federal,Tom OHalleran-DCCC US House 2018,/home/andrew/Documents/PredictiveModeling/TV/stations/KPNX/Political Files/2018/Federal/US House/Tom OHalleran-DCCC US House 2018,House,KPNX,Democrat,Tom OHalleran,DCCC T OHALLERAN AZ-1,KASW,57
2018,,State,Daniel Valenuela for Mayor 2018,/home/andrew/Documents/PredictiveModeling/TV/stations/KPNX/Political Files/2018/Local/Daniel Valenuela for Mayor 2018,Mayor,KPNX,,Daniel Valenuela,Valenzuela Democrat Mayor,KNXV-TV,63
2018,,State,Kate Gallego for Mayor 2018,/home/andrew/Documents/PredictiveModeling/TV/stations/KPNX/Political Files/2018/Local/Kate Gallego for Mayor 2018,Mayor,KPNX,,Kate Gallego,Gallego for Mayor,KASW,24
2018,,Non-Candidate Issue Ads,AFSCME People 2018,/home/andrew/Documents/PredictiveModeling/TV/stations/KPNX/Political Files/2018/Non-Candidate Issue Ads/AFSCME People 2018,,KPNX,,AFSCME People,AFSCME People Pac,KASW,2
2018,,Non-Candidate Issue Ads,Tax March 2018,/home/andrew/Documents/PredictiveModeling/TV/stations/KPNX/Political Files/2018/Non-Candidate Issue Ads/Tax March 2018,,KPNX,,Tax March,Tax March,KASW,59
2018,,Non-Candidate Issue Ads,Arizona for Freedom 2018,/home/andrew/Documents/PredictiveModeling/TV/stations/KPNX/Political Files/2018/Non-Candidate Issue Ads/Arizona for Freedom 2018,,KPNX,,Arizona for Freedom,Arizona for Freedom,KNXV-TV,9
2018,,Non-Candidate Issue Ads,Defend AZ 2018,/home/andrew/Documents/PredictiveModeling/TV/stations/KPNX/Political Files/2018/Non-Candidate Issue Ads/Defend AZ 2018,,KPNX,,Defend ARIZONA,Defend AZ,KASW,19
2018,,Non-Candidate Issue Ads,DSCC-IE 2018,/home/andrew/Documents/PredictiveModeling/TV/stations/KPNX/Political Files/2018/Non-Candidate Issue Ads/DSCC-IE 2018,Senate,KPNX,Democrat,DSCC IE,DSCC,KASW,17
2018,,Non-Candidate Issue Ads,NRSC-IE 2018,/home/andrew/Documents/PredictiveModeling/TV/stations/KPNX/Political Files/2018/Non-Candidate Issue Ads/NRSC-IE 2018,Senate,KPNX,Republican,NRSC IE,NRSC,KASW,47
2018,,Non-Candidate Issue Ads,Senate Majority Pac 2018,/home/andrew/Documents/PredictiveModeling/TV/stations/KPNX/Political Files/2018/Non-Candidate Issue Ads/Senate Majority Pac 2018,Senate,KPNX,,Senate Majority Pac,Senate Majority,KASW,55
2018,,Non-Candidate Issue Ads,ACLU 2018,/home/andrew/Documents/PredictiveModeling/TV/stations/KPNX/Political Files/2018/Non-Candidate Issue Ads/ACLU 2018,,KPNX,,American Civil Liberties Union,ACLU AZ,KNXV-TV,4
2018,,Non-Candidate Issue Ads,DAGA-Democratic Attorneys General Association 2018,/home/andrew/Documents/PredictiveModeling/TV/stations/KPNX/Political Files/2018/Non-Candidate Issue Ads/DAGA-Democratic Attorneys General Association 2018,Attorney General,KPNX,Democrat,Democratic Attorneys General Association  Democratic Attorneys General Association,DAGA Peoples Lawyers Project,KNXV-TV,20
2018,,Non-Candidate Issue Ads,Chispa AZ Pac 2018,/home/andrew/Documents/PredictiveModeling/TV/stations/KPNX/Political Files/2018/Non-Candidate Issue Ads/Chispa AZ Pac 2018,,KPNX,,Chispa ARIZONA Pac,Chispa AZ PAC,KNXV-TV,12
2018,,Non-Candidate Issue Ads,Patriot Majority USA 2018,/home/andrew/Documents/PredictiveModeling/TV/stations/KPNX/Political Files/2018/Non-Candidate Issue Ads/Patriot Majority USA 2018,,KPNX,,Patriot Majority USA,Patriot Majority,KASW,49
2018,,Non-Candidate Issue Ads,US Chamber of Commerce 2018,/home/andrew/Documents/PredictiveModeling/TV/stations/KPNX/Political Files/2018/Non-Candidate Issue Ads/US Chamber of Commerce 2018,,KPNX,,US Chamber of Commerce,US Chamber of Commerce,KNXV-TV,62
2018,,Non-Candidate Issue Ads,Working Families Party Ind Expenditure Committee 2018,/home/andrew/Documents/PredictiveModeling/TV/stations/KPNX/Political Files/2018/Non-Candidate Issue Ads/Working Families Party Ind Expenditure Committee 2018,,KPNX,,Working Families Party Ind Expenditure Committee,Working Families Party IE,KNXV-TV,67
2018,,Non-Candidate Issue Ads,Clean Energy for A Healthy AZ 2018,/home/andrew/Documents/PredictiveModeling/TV/stations/KPNX/Political Files/2018/Non-Candidate Issue Ads/Clean Energy for A Healthy AZ 2018,,KPNX,,Clean Energy for A Healthy ARIZONA,Clean Energy for a Healthy Arizona,KASW,14
2018,,Non-Candidate Issue Ads,House Majority Pac 2018,/home/andrew/Documents/PredictiveModeling/TV/stations/KPNX/Political Files/2018/Non-Candidate Issue Ads/House Majority Pac 2018,House,KPNX,,House Majority Pac,House Majority,KASW,31
2018,,Non-Candidate Issue Ads,One Nation 2018,/home/andrew/Documents/PredictiveModeling/TV/stations/KPNX/Political Files/2018/Non-Candidate Issue Ads/One Nation 2018,,KPNX,,One Nation,One Nation,KASW,48
2018,,Non-Candidate Issue Ads,AZ Education Project 2018,/home/andrew/Documents/PredictiveModeling/TV/stations/KPNX/Political Files/2018/Non-Candidate Issue Ads/AZ Education Project 2018,,KPNX,,ARIZONA Education Project,ARIZONA EDUCATION PROJECT,KPHO-TV,3
2018,,Non-Candidate Issue Ads,AZ For Affordable Electric 2018,/home/andrew/Documents/PredictiveModeling/TV/stations/KPNX/Political Files/2018/Non-Candidate Issue Ads/AZ For Affordable Electric 2018,,KPNX,,ARIZONA For Affordable Electric,Arizonans for Affordable Electricity,KASW,10
2018,,Non-Candidate Issue Ads,Red and Gold 2018,/home/andrew/Documents/PredictiveModeling/TV/stations/KPNX/Political Files/2018/Non-Candidate Issue Ads/Red and Gold 2018,,KPNX,,Red and Gold,Red and Gold,KASW,51
2018,,Non-Candidate Issue Ads,NRCC-IE 2018,/home/andrew/Documents/PredictiveModeling/TV/stations/KPNX/Political Files/2018/Non-Candidate Issue Ads/NRCC-IE 2018,House,KPNX,Republican,NRCC IE,NRCC IE,KNXV-TV,45
2018,,Non-Candidate Issue Ads,45 Committee 2018,/home/andrew/Documents/PredictiveModeling/TV/stations/KPNX/Political Files/2018/Non-Candidate Issue Ads/45 Committee 2018,,KPNX,,45 Committee,45 Committe PAC,KASW,1
2018,,Non-Candidate Issue Ads,Citizens for Fair Tax Policy 2018,/home/andrew/Documents/PredictiveModeling/TV/stations/KPNX/Political Files/2018/Non-Candidate Issue Ads/Citizens for Fair Tax Policy 2018,,KPNX,,Citizens for Fair Tax Policy,Citizens for Fair Tax Policy - GENERAL,KNXV-TV,13
2018,,Non-Candidate Issue Ads,Majority Forward 2018,/home/andrew/Documents/PredictiveModeling/TV/stations/KPNX/Political Files/2018/Non-Candidate Issue Ads/Majority Forward 2018,,KPNX,,Majority Forward,MAJORITY FORWARD-VOTE VETS ACTION FUND,KPHO-TV,41
2018,,Non-Candidate Issue Ads,DCCC-Democratic Congressional Campaign Committee 2018,/home/andrew/Documents/PredictiveModeling/TV/stations/KPNX/Political Files/2018/Non-Candidate Issue Ads/DCCC-Democratic Congressional Campaign Committee 2018,House,KPNX,Democrat,Democratic Congressional Campaign Committee Democratic Congressional Campaign Committee,DCCC,KASW,21
2018,,Non-Candidate Issue Ads,AZ Republican Party 2018,/home/andrew/Documents/PredictiveModeling/TV/stations/KPNX/Political Files/2018/Non-Candidate Issue Ads/AZ Republican Party 2018,,KPNX,Republican,ARIZONA Republican Party,Arizona Republican Party,KASW,8
2018,,Non-Candidate Issue Ads,Save Native American Families 2018,/home/andrew/Documents/PredictiveModeling/TV/stations/KPNX/Political Files/2018/Non-Candidate Issue Ads/Save Native American Families 2018,,KPNX,,Save Native American Families,Save Native American Families - No on Prop 127,KNXV-TV,54
2018,,Non-Candidate Issue Ads,Majority Forward-Vote Vets 2018,/home/andrew/Documents/PredictiveModeling/TV/stations/KPNX/Political Files/2018/Non-Candidate Issue Ads/Majority Forward-Vote Vets 2018,,KPNX,,Majority Forward Vote Vets,MAJORITY FORWARD-VOTE VETS ACTION FUND,KPHO-TV,41
2018,,State,Doug Ducey-AZRP 2018,/home/andrew/Documents/PredictiveModeling/TV/stations/KPNX/Political Files/2018/State/Doug Ducey-AZRP 2018,,KPNX,Republican,Doug Ducey,D DUCEY AZRP,KASW,16
2018,,State,David Garcia Governor AZ 2018,/home/andrew/Documents/PredictiveModeling/TV/stations/KPNX/Political Files/2018/State/David Garcia Governor AZ 2018,Governor,KPNX,,David Garcia,Garcia for Governor - GENERAL ELECTION,KNXV-TV,26
2018,,State,Steve Farley Governor AZ 2018,/home/andrew/Documents/PredictiveModeling/TV/stations/KPNX/Political Files/2018/State/Steve Farley Governor AZ 2018,Governor,KPNX,,Steve Farley,Farley for Governor - PRIMARY ELECTION,KNXV-TV,22
2018,,State,Katie Hobbs Secretary of State 2018,/home/andrew/Documents/PredictiveModeling/TV/stations/KPNX/Political Files/2018/State/Katie Hobbs Secretary of State 2018,Secretary of State,KPNX,,Katie Hobbs,Katie Hobbs for Secretary of State,KASW,36
2018,,State,AZDP- January Contreas Attorney General 2018,/home/andrew/Documents/PredictiveModeling/TV/stations/KPNX/Political Files/2018/State/AZDP- January Contreas Attorney General 2018,Attorney General,KPNX,Democrat,January Contreas,Arizona Democratic Party - Contreras for Attorney General - GENERAL ELECTION,KNXV-TV,15
2018,,State,Doug Ducey Governor AZ 2018,/home/andrew/Documents/PredictiveModeling/TV/stations/KPNX/Political Files/2018/State/Doug Ducey Governor AZ 2018,Governor,KPNX,,Doug Ducey,D DUCEY AZRP,KASW,16
2018,,State,Mark Brnovich Attorney General 2018,/home/andrew/Documents/PredictiveModeling/TV/stations/KPNX/Political Files/2018/State/Mark Brnovich Attorney General 2018,Attorney General,KPNX,,Mark Brnovich,Arizona Republican Party - Mark Brnovich for AZ,KNXV-TV,43
2018,,State,Steve Gaynor Secretary of State 2018,/home/andrew/Documents/PredictiveModeling/TV/stations/KPNX/Political Files/2018/State/Steve Gaynor Secretary of State 2018,Secretary of State,KPNX,,Steve Gaynor,Gaynor for AZ Secretary of State - GENERAL ELECTION,KNXV-TV,27
