Cycle,District,Jurisdiction,Name,Path,Race,Station,NameSimpl,Party
2018,,Non-Candidate Issue Ads,45 Committe PAC,/media/andrew/F08C9B848C9B444E/analysis/tv/buys/KASW/Political Files/2018/Non-Candidate Issue Ads/45 Committe PAC,President,KASW,45 Committe PAC,Republican
2018,,Non-Candidate Issue Ads,45 COMMITTEE,/media/andrew/F08C9B848C9B444E/analysis/tv/buys/KPHO-TV/Political Files/2018/Non-Candidate Issue Ads/45 COMMITTEE,President,KPHO-TV,45 COMMITTEE,Republican
2018,,Non-Candidate Issue Ads,45 Committee,/media/andrew/F08C9B848C9B444E/analysis/tv/buys/KNXV-TV/Political Files/2018/Non-Candidate Issue Ads/45 Committee,President,KNXV-TV,45 Committee,Republican
2018,,Non-Candidate Issue Ads,45 Committee,/media/andrew/F08C9B848C9B444E/analysis/tv/buys/KSAZ-TV/Political Files/2018/Non-Candidate Issue Ads/45 Committee,President,KSAZ-TV,45 Committee,Republican
2018,,Non-Candidate Issue Ads,45 Committee,/media/andrew/F08C9B848C9B444E/analysis/tv/buys/KUTP/Political Files/2018/Non-Candidate Issue Ads/45 Committee,President,KUTP,45 Committee,Republican
2018,,Non-Candidate Issue Ads,45 Committee 2018,/media/andrew/F08C9B848C9B444E/analysis/tv/buys/KPNX/Political Files/2018/Non-Candidate Issue Ads/45 Committee 2018,President,KPNX,45 Committee,Republican
2018,,Non-Candidate Issue Ads,ACLU,/media/andrew/F08C9B848C9B444E/analysis/tv/buys/KTAZ/Political Files/2018/Non-Candidate Issue Ads/ACLU,Senate,KTAZ,ACLU,Democrat
2018,,Non-Candidate Issue Ads,ACLU,/media/andrew/F08C9B848C9B444E/analysis/tv/buys/KPHO-TV/Political Files/2018/Non-Candidate Issue Ads/ACLU,Senate,KPHO-TV,ACLU,Democrat
2018,,Non-Candidate Issue Ads,ACLU 2018,/media/andrew/F08C9B848C9B444E/analysis/tv/buys/KPNX/Political Files/2018/Non-Candidate Issue Ads/ACLU 2018,Senate,KPNX,ACLU,Democrat
2018,,Non-Candidate Issue Ads,ACLU AZ,/media/andrew/F08C9B848C9B444E/analysis/tv/buys/KNXV-TV/Political Files/2018/Non-Candidate Issue Ads/ACLU AZ,Senate,KNXV-TV,ACLU ARIZONA,Democrat
2018,,Non-Candidate Issue Ads,AFSCMA People,/media/andrew/F08C9B848C9B444E/analysis/tv/buys/KNXV-TV/Political Files/2018/Non-Candidate Issue Ads/AFSCMA People,Senate,KNXV-TV,AFSCMA People,Democrat
2018,,Non-Candidate Issue Ads,AFSCME PEOPLE,/media/andrew/F08C9B848C9B444E/analysis/tv/buys/KTVK/Political Files/2018/Non-Candidate Issue Ads/AFSCME PEOPLE,Senate,KTVK,AFSCME PEOPLE,Democrat
2018,,Non-Candidate Issue Ads,AFSCME People,/media/andrew/F08C9B848C9B444E/analysis/tv/buys/KSAZ-TV/Political Files/2018/Non-Candidate Issue Ads/AFSCME People,Senate,KSAZ-TV,AFSCME People,Democrat
2018,,Non-Candidate Issue Ads,AFSCME People,/media/andrew/F08C9B848C9B444E/analysis/tv/buys/KUTP/Political Files/2018/Non-Candidate Issue Ads/AFSCME People,Senate,KUTP,AFSCME People,Democrat
2018,,Non-Candidate Issue Ads,AFSCME People,/media/andrew/F08C9B848C9B444E/analysis/tv/buys/KAZT-TV/Political Files/2018/Non-Candidate Issue Ads/AFSCME People,Senate,KAZT-TV,AFSCME People,Democrat
2018,,Non-Candidate Issue Ads,AFSCME People 2018,/media/andrew/F08C9B848C9B444E/analysis/tv/buys/KPNX/Political Files/2018/Non-Candidate Issue Ads/AFSCME People 2018,Senate,KPNX,AFSCME People,Democrat
2018,,Non-Candidate Issue Ads,AFSCME PEOPLE AZ,/media/andrew/F08C9B848C9B444E/analysis/tv/buys/KPHO-TV/Political Files/2018/Non-Candidate Issue Ads/AFSCME PEOPLE AZ,Senate,KPHO-TV,AFSCME PEOPLE ARIZONA,Democrat
2018,,Non-Candidate Issue Ads,AFSCME People Pac,/media/andrew/F08C9B848C9B444E/analysis/tv/buys/KASW/Political Files/2018/Non-Candidate Issue Ads/AFSCME People Pac,Senate,KASW,AFSCME People Pac,Democrat
2018,,Non-Candidate Issue Ads,AZ Republican Party 2018,/media/andrew/F08C9B848C9B444E/analysis/tv/buys/KPNX/Political Files/2018/Non-Candidate Issue Ads/AZ Republican Party 2018,Senate,KPNX,ARIZONA,Republican
2018,,Non-Candidate Issue Ads,Arizona Republican Party,/media/andrew/F08C9B848C9B444E/analysis/tv/buys/KASW/Political Files/2018/Non-Candidate Issue Ads/Arizona Republican Party,Senate,KASW,Arizona,Republican
2018,,Non-Candidate Issue Ads,Arizona Republican Party,/media/andrew/F08C9B848C9B444E/analysis/tv/buys/KNXV-TV/Political Files/2018/Non-Candidate Issue Ads/Arizona Republican Party,Senate,KNXV-TV,Arizona,Republican
2018,,Non-Candidate Issue Ads,Arizona Republican Party -  AZGOP,/media/andrew/F08C9B848C9B444E/analysis/tv/buys/KSAZ-TV/Political Files/2018/Non-Candidate Issue Ads/Arizona Republican Party -  AZGOP,Senate,KSAZ-TV,Arizona     ARIZONAGOP,Republican
2018,,Non-Candidate Issue Ads,Arizona Republican Party - AZGOP,/media/andrew/F08C9B848C9B444E/analysis/tv/buys/KUTP/Political Files/2018/Non-Candidate Issue Ads/Arizona Republican Party - AZGOP,Senate,KUTP,Arizona    ARIZONAGOP,Republican
2018,,Non-Candidate Issue Ads,AZ EDUCATION ASSOCIATION,/media/andrew/F08C9B848C9B444E/analysis/tv/buys/KTAZ/Political Files/2018/Non-Candidate Issue Ads/AZ EDUCATION ASSOCIATION,Red for Ed,KTAZ,ARIZONA EDUCATION ASSOCIATION,Funding Public Ed
2018,,Non-Candidate Issue Ads,Arizona Education Association,/media/andrew/F08C9B848C9B444E/analysis/tv/buys/KSAZ-TV/Political Files/2018/Non-Candidate Issue Ads/Arizona Education Association,Red for Ed,KSAZ-TV,Arizona Education Association,Funding Public Ed
2018,,Non-Candidate Issue Ads,Arizona Education Association,/media/andrew/F08C9B848C9B444E/analysis/tv/buys/KNXV-TV/Political Files/2018/Non-Candidate Issue Ads/Arizona Education Association,Red for Ed,KNXV-TV,Arizona Education Association,Funding Public Ed
2018,,Non-Candidate Issue Ads,Arizona Education Association,/media/andrew/F08C9B848C9B444E/analysis/tv/buys/KUTP/Political Files/2018/Non-Candidate Issue Ads/Arizona Education Association,Red for Ed,KUTP,Arizona Education Association,Funding Public Ed
2018,,Non-Candidate Issue Ads,ARIZONA EDUCATION PROJECT,/media/andrew/F08C9B848C9B444E/analysis/tv/buys/KPHO-TV/Political Files/2018/Non-Candidate Issue Ads/ARIZONA EDUCATION PROJECT,Red for Ed,KPHO-TV,ARIZONA EDUCATION PROJECT,Corporate Tax Breaks
2018,,Non-Candidate Issue Ads,AZ EDUCATION PROJECT,/media/andrew/F08C9B848C9B444E/analysis/tv/buys/KTVK/Political Files/2018/Non-Candidate Issue Ads/AZ EDUCATION PROJECT,Red for Ed,KTVK,ARIZONA EDUCATION PROJECT,Corporate Tax Breaks
2018,,Non-Candidate Issue Ads,AZ Education Project 2018,/media/andrew/F08C9B848C9B444E/analysis/tv/buys/KPNX/Political Files/2018/Non-Candidate Issue Ads/AZ Education Project 2018,Red for Ed,KPNX,ARIZONA Education Project,Corporate Tax Breaks
2018,,Non-Candidate Issue Ads,Arizona Education Project,/media/andrew/F08C9B848C9B444E/analysis/tv/buys/KSAZ-TV/Political Files/2018/Non-Candidate Issue Ads/Arizona Education Project,Red for Ed,KSAZ-TV,Arizona Education Project,Corporate Tax Breaks
2018,,Non-Candidate Issue Ads,Arizona Education Project,/media/andrew/F08C9B848C9B444E/analysis/tv/buys/KAZT-TV/Political Files/2018/Non-Candidate Issue Ads/Arizona Education Project,Red for Ed,KAZT-TV,Arizona Education Project,Corporate Tax Breaks
2018,,Non-Candidate Issue Ads,AZ For Affordable Electric 2018,/media/andrew/F08C9B848C9B444E/analysis/tv/buys/KPNX/Political Files/2018/Non-Candidate Issue Ads/AZ For Affordable Electric 2018,Prop 127,KPNX,ARIZONA For Affordable Electric,No
2018,,Non-Candidate Issue Ads,AZ FOR FREEDOM,/media/andrew/F08C9B848C9B444E/analysis/tv/buys/KTVK/Political Files/2018/Non-Candidate Issue Ads/AZ FOR FREEDOM,Attorney General,KTVK,ARIZONA FOR FREEDOM,Republican
2018,,Non-Candidate Issue Ads,ARIZONA FOR FREEDOM,/media/andrew/F08C9B848C9B444E/analysis/tv/buys/KPHO-TV/Political Files/2018/Non-Candidate Issue Ads/ARIZONA FOR FREEDOM,Attorney General,KPHO-TV,ARIZONA FOR FREEDOM,Republican
2018,,Non-Candidate Issue Ads,Arizona For Freedom,/media/andrew/F08C9B848C9B444E/analysis/tv/buys/KUTP/Political Files/2018/Non-Candidate Issue Ads/Arizona For Freedom,Attorney General,KUTP,Arizona For Freedom,Republican
2018,,Non-Candidate Issue Ads,Arizona For Freedom,/media/andrew/F08C9B848C9B444E/analysis/tv/buys/KSAZ-TV/Political Files/2018/Non-Candidate Issue Ads/Arizona For Freedom,Attorney General,KSAZ-TV,Arizona For Freedom,Republican
2018,,Non-Candidate Issue Ads,Arizona for Freedom,/media/andrew/F08C9B848C9B444E/analysis/tv/buys/KNXV-TV/Political Files/2018/Non-Candidate Issue Ads/Arizona for Freedom,Attorney General,KNXV-TV,Arizona for Freedom,Republican
2018,,Non-Candidate Issue Ads,Arizona for Freedom 2018,/media/andrew/F08C9B848C9B444E/analysis/tv/buys/KPNX/Political Files/2018/Non-Candidate Issue Ads/Arizona for Freedom 2018,Attorney General,KPNX,Arizona for Freedom,Republican
2018,,Non-Candidate Issue Ads,AZ REPUBLICAN PARTY,/media/andrew/F08C9B848C9B444E/analysis/tv/buys/KTVK/Political Files/2018/Non-Candidate Issue Ads/AZ REPUBLICAN PARTY,Senate,KTVK,ARIZONA REPUBLICAN PARTY,Republican
2018,,Non-Candidate Issue Ads,ARIZONA REPUBLICAN PARTY,/media/andrew/F08C9B848C9B444E/analysis/tv/buys/KPHO-TV/Political Files/2018/Non-Candidate Issue Ads/ARIZONA REPUBLICAN PARTY,Senate,KPHO-TV,ARIZONA REPUBLICAN PARTY,Republican
2018,,Non-Candidate Issue Ads,Arizonans For Affordable Electricity,/media/andrew/F08C9B848C9B444E/analysis/tv/buys/KUTP/Political Files/2018/Non-Candidate Issue Ads/Arizonans For Affordable Electricity,Prop 127,KUTP,Arizonans For Affordable Electricity,No
2018,,Non-Candidate Issue Ads,Arizonans For Affordable Electricity,/media/andrew/F08C9B848C9B444E/analysis/tv/buys/KSAZ-TV/Political Files/2018/Non-Candidate Issue Ads/Arizonans For Affordable Electricity,Prop 128,KSAZ-TV,Arizonans For Affordable Electricity,No
2018,,Non-Candidate Issue Ads,Arizonans for Affordable Electricity,/media/andrew/F08C9B848C9B444E/analysis/tv/buys/KASW/Political Files/2018/Non-Candidate Issue Ads/Arizonans for Affordable Electricity,Prop 129,KASW,Arizonans for Affordable Electricity,No
2018,,Non-Candidate Issue Ads,Arizonans for Affordable Electricity,/media/andrew/F08C9B848C9B444E/analysis/tv/buys/KNXV-TV/Political Files/2018/Non-Candidate Issue Ads/Arizonans for Affordable Electricity,Prop 130,KNXV-TV,Arizonans for Affordable Electricity,No
2018,,Non-Candidate Issue Ads,Chispa AZ PAC,/media/andrew/F08C9B848C9B444E/analysis/tv/buys/KAZT-TV/Political Files/2018/Non-Candidate Issue Ads/Chispa AZ PAC,GOTV,KAZT-TV,Chispa ARIZONA PAC,Vote
2018,,Non-Candidate Issue Ads,Chispa AZ PAC,/media/andrew/F08C9B848C9B444E/analysis/tv/buys/KNXV-TV/Political Files/2018/Non-Candidate Issue Ads/Chispa AZ PAC,GOTV,KNXV-TV,Chispa ARIZONA PAC,Vote
2018,,Non-Candidate Issue Ads,Chispa AZ Pac 2018,/media/andrew/F08C9B848C9B444E/analysis/tv/buys/KPNX/Political Files/2018/Non-Candidate Issue Ads/Chispa AZ Pac 2018,GOTV,KPNX,Chispa ARIZONA Pac,Vote
2018,,Non-Candidate Issue Ads,Citizens for Fair Tax,/media/andrew/F08C9B848C9B444E/analysis/tv/buys/KAZT-TV/Political Files/2018/Non-Candidate Issue Ads/Citizens for Fair Tax,Prop 126,KAZT-TV,Citizens for Fair Tax,Yes
2018,,Non-Candidate Issue Ads,Citizens for Fair Tax Policy,/media/andrew/F08C9B848C9B444E/analysis/tv/buys/KSAZ-TV/Political Files/2018/Non-Candidate Issue Ads/Citizens for Fair Tax Policy,Prop 126,KSAZ-TV,Citizens for Fair Tax Policy,Yes
2018,,Non-Candidate Issue Ads,Citizens for Fair Tax Policy 2018,/media/andrew/F08C9B848C9B444E/analysis/tv/buys/KPNX/Political Files/2018/Non-Candidate Issue Ads/Citizens for Fair Tax Policy 2018,Prop 126,KPNX,Citizens for Fair Tax Policy,Yes
2018,,Non-Candidate Issue Ads,Citizens for Fair Tax Policy - PRIMARY,/media/andrew/F08C9B848C9B444E/analysis/tv/buys/KNXV-TV/Political Files/2018/Non-Candidate Issue Ads/Citizens for Fair Tax Policy - PRIMARY,Prop 126,KNXV-TV,Citizens for Fair Tax Policy,Yes
2018,,Non-Candidate Issue Ads,Citizens for Fair Tax Policy - GENERAL,/media/andrew/F08C9B848C9B444E/analysis/tv/buys/KNXV-TV/Political Files/2018/Non-Candidate Issue Ads/Citizens for Fair Tax Policy - GENERAL,Prop 126,KNXV-TV,Citizens for Fair Tax Policy,Yes
2018,,Non-Candidate Issue Ads,Clean Energy for A Healthy AZ 2018,/media/andrew/F08C9B848C9B444E/analysis/tv/buys/KPNX/Political Files/2018/Non-Candidate Issue Ads/Clean Energy for A Healthy AZ 2018,Prop 127,KPNX,Clean Energy for A Healthy ARIZONA,Yes
2018,,Non-Candidate Issue Ads,Clean Energy for a Healthy Arizona,/media/andrew/F08C9B848C9B444E/analysis/tv/buys/KNXV-TV/Political Files/2018/Non-Candidate Issue Ads/Clean Energy for a Healthy Arizona,Prop 127,KNXV-TV,Clean Energy for a Healthy Arizona,Yes
2018,,Non-Candidate Issue Ads,Clean Energy for a Healthy Arizona,/media/andrew/F08C9B848C9B444E/analysis/tv/buys/KAZT-TV/Political Files/2018/Non-Candidate Issue Ads/Clean Energy for a Healthy Arizona,Prop 127,KAZT-TV,Clean Energy for a Healthy Arizona,Yes
2018,,Non-Candidate Issue Ads,Clean Energy for a Healthy Arizona,/media/andrew/F08C9B848C9B444E/analysis/tv/buys/KASW/Political Files/2018/Non-Candidate Issue Ads/Clean Energy for a Healthy Arizona,Prop 127,KASW,Clean Energy for a Healthy Arizona,Yes
2018,,Non-Candidate Issue Ads,Clean Energy For A Hlthy AZ,/media/andrew/F08C9B848C9B444E/analysis/tv/buys/KSAZ-TV/Political Files/2018/Non-Candidate Issue Ads/Clean Energy For A Hlthy AZ,Prop 127,KSAZ-TV,Clean Energy For A Hlthy ARIZONA,Yes
2018,,Non-Candidate Issue Ads,cult Insights- Mi Familia Vota,/media/andrew/F08C9B848C9B444E/analysis/tv/buys/KTVW-DT/Political Files/2018/Non-Candidate Issue Ads/cult Insights- Mi Familia Vota,GOTV,KTVW-DT,cult Insights  Mi Familia Vota,Vote
2018,,Non-Candidate Issue Ads,DAGA-Democratic Attorneys General Association 2018,/media/andrew/F08C9B848C9B444E/analysis/tv/buys/KPNX/Political Files/2018/Non-Candidate Issue Ads/DAGA-Democratic Attorneys General Association 2018,Attorney General,KPNX,DAGA Democratic Attorneys General Association,Democrat
2018,,Non-Candidate Issue Ads,DAGA PEOPLES LAWYER PROJECT,/media/andrew/F08C9B848C9B444E/analysis/tv/buys/KPHO-TV/Political Files/2018/Non-Candidate Issue Ads/DAGA PEOPLES LAWYER PROJECT,Attorney General,KPHO-TV,DAGA PEOPLES LAWYER PROJECT,Democrat
2018,,Non-Candidate Issue Ads,DAGA Peoples Lawyer Project,/media/andrew/F08C9B848C9B444E/analysis/tv/buys/KSAZ-TV/Political Files/2018/Non-Candidate Issue Ads/DAGA Peoples Lawyer Project,Attorney General,KSAZ-TV,DAGA Peoples Lawyer Project,Democrat
2018,,Non-Candidate Issue Ads,DAGA Peoples Lawyers Project,/media/andrew/F08C9B848C9B444E/analysis/tv/buys/KNXV-TV/Political Files/2018/Non-Candidate Issue Ads/DAGA Peoples Lawyers Project,Attorney General,KNXV-TV,DAGA Peoples Lawyers Project,Democrat
2018,,Local,Daniel Valenuela for Mayor 2018,/media/andrew/F08C9B848C9B444E/analysis/tv/buys/KPNX/Political Files/2018/Local/Daniel Valenuela for Mayor 2018,Mayor,KPNX,Daniel Valenuela,Democrat
2018,,Local,Daniel Valenzuela for Phoenix Mayor,/media/andrew/F08C9B848C9B444E/analysis/tv/buys/KSAZ-TV/Political Files/2018/Local/Daniel Valenzuela for Phoenix Mayor,Mayor,KSAZ-TV,Daniel Valenzuela,Democrat
2018,,Non-Candidate Issue Ads,DCCC,/media/andrew/F08C9B848C9B444E/analysis/tv/buys/KSAZ-TV/Political Files/2018/Non-Candidate Issue Ads/DCCC,House,KSAZ-TV,DCCC,Democrat
2018,,Non-Candidate Issue Ads,DCCC,/media/andrew/F08C9B848C9B444E/analysis/tv/buys/KUTP/Political Files/2018/Non-Candidate Issue Ads/DCCC,House,KUTP,DCCC,Democrat
2018,,Non-Candidate Issue Ads,DCCC,/media/andrew/F08C9B848C9B444E/analysis/tv/buys/KPHO-TV/Political Files/2018/Non-Candidate Issue Ads/DCCC,House,KPHO-TV,DCCC,Democrat
2018,,Non-Candidate Issue Ads,DCCC,/media/andrew/F08C9B848C9B444E/analysis/tv/buys/KASW/Political Files/2018/Non-Candidate Issue Ads/DCCC,House,KASW,DCCC,Democrat
2018,,Non-Candidate Issue Ads,DCCC,/media/andrew/F08C9B848C9B444E/analysis/tv/buys/KNXV-TV/Political Files/2018/Non-Candidate Issue Ads/DCCC,House,KNXV-TV,DCCC,Democrat
2018,,Non-Candidate Issue Ads,DCCC,/media/andrew/F08C9B848C9B444E/analysis/tv/buys/KTVK/Political Files/2018/Non-Candidate Issue Ads/DCCC,House,KTVK,DCCC,Democrat
2018,,Non-Candidate Issue Ads,DCCC-Democratic Congressional Campaign Committee 2018,/media/andrew/F08C9B848C9B444E/analysis/tv/buys/KPNX/Political Files/2018/Non-Candidate Issue Ads/DCCC-Democratic Congressional Campaign Committee 2018,House,KPNX,DCCC Democratic Congressional Campaign Committee,Democrat
2018,,Non-Candidate Issue Ads,DEFEND ARIZONA,/media/andrew/F08C9B848C9B444E/analysis/tv/buys/KTVK/Political Files/2018/Non-Candidate Issue Ads/DEFEND ARIZONA,Senate,KTVK,DEFEND ARIZONA,Republican
2018,,Non-Candidate Issue Ads,DEFEND ARIZONA,/media/andrew/F08C9B848C9B444E/analysis/tv/buys/KPHO-TV/Political Files/2018/Non-Candidate Issue Ads/DEFEND ARIZONA,Senate,KPHO-TV,DEFEND ARIZONA,Republican
2018,,Non-Candidate Issue Ads,Defend AZ,/media/andrew/F08C9B848C9B444E/analysis/tv/buys/KASW/Political Files/2018/Non-Candidate Issue Ads/Defend AZ,Senate,KASW,Defend ARIZONA,Republican
2018,,Non-Candidate Issue Ads,Defend AZ 2018,/media/andrew/F08C9B848C9B444E/analysis/tv/buys/KPNX/Political Files/2018/Non-Candidate Issue Ads/Defend AZ 2018,Senate,KPNX,Defend ARIZONA,Republican
2018,,Non-Candidate Issue Ads,Defend Arizona,/media/andrew/F08C9B848C9B444E/analysis/tv/buys/KAZT-TV/Political Files/2018/Non-Candidate Issue Ads/Defend Arizona,Senate,KAZT-TV,Defend Arizona,Republican
2018,,Non-Candidate Issue Ads,Defend Arizona,/media/andrew/F08C9B848C9B444E/analysis/tv/buys/KNXV-TV/Political Files/2018/Non-Candidate Issue Ads/Defend Arizona,Senate,KNXV-TV,Defend Arizona,Republican
2018,,Non-Candidate Issue Ads,Defend Arizona,/media/andrew/F08C9B848C9B444E/analysis/tv/buys/KUTP/Political Files/2018/Non-Candidate Issue Ads/Defend Arizona,Senate,KUTP,Defend Arizona,Republican
2018,,Non-Candidate Issue Ads,Defend Arizona,/media/andrew/F08C9B848C9B444E/analysis/tv/buys/KSAZ-TV/Political Files/2018/Non-Candidate Issue Ads/Defend Arizona,Senate,KSAZ-TV,Defend Arizona,Republican
2018,,Non-Candidate Issue Ads,Democratic Congressional Campaign,/media/andrew/F08C9B848C9B444E/analysis/tv/buys/KAZT-TV/Political Files/2018/Non-Candidate Issue Ads/Democratic Congressional Campaign,House,KAZT-TV,Democratic Congressional Campaign,Democrat
2018,,Non-Candidate Issue Ads,DSCC,/media/andrew/F08C9B848C9B444E/analysis/tv/buys/KSAZ-TV/Political Files/2018/Non-Candidate Issue Ads/DSCC,Senate,KSAZ-TV,DSCC,Democrat
2018,,Non-Candidate Issue Ads,DSCC,/media/andrew/F08C9B848C9B444E/analysis/tv/buys/KUTP/Political Files/2018/Non-Candidate Issue Ads/DSCC,Senate,KUTP,DSCC,Democrat
2018,,Non-Candidate Issue Ads,DSCC,/media/andrew/F08C9B848C9B444E/analysis/tv/buys/KASW/Political Files/2018/Non-Candidate Issue Ads/DSCC,Senate,KASW,DSCC,Democrat
2018,,Non-Candidate Issue Ads,DSCC-IE,/media/andrew/F08C9B848C9B444E/analysis/tv/buys/KTVK/Political Files/2018/Non-Candidate Issue Ads/DSCC-IE,Senate,KTVK,DSCC IE,Democrat
2018,,Non-Candidate Issue Ads,DSCC IE,/media/andrew/F08C9B848C9B444E/analysis/tv/buys/KPHO-TV/Political Files/2018/Non-Candidate Issue Ads/DSCC IE,Senate,KPHO-TV,DSCC IE,Democrat
2018,,Non-Candidate Issue Ads,DSCC IE,/media/andrew/F08C9B848C9B444E/analysis/tv/buys/KNXV-TV/Political Files/2018/Non-Candidate Issue Ads/DSCC IE,Senate,KNXV-TV,DSCC IE,Democrat
2018,,Non-Candidate Issue Ads,DSCC IE,/media/andrew/F08C9B848C9B444E/analysis/tv/buys/KAZT-TV/Political Files/2018/Non-Candidate Issue Ads/DSCC IE,Senate,KAZT-TV,DSCC IE,Democrat
2018,,Non-Candidate Issue Ads,DSCC-IE 2018,/media/andrew/F08C9B848C9B444E/analysis/tv/buys/KPNX/Political Files/2018/Non-Candidate Issue Ads/DSCC-IE 2018,Senate,KPNX,DSCC IE,Democrat
2018,,Non-Candidate Issue Ads,Future 45,/media/andrew/F08C9B848C9B444E/analysis/tv/buys/KASW/Political Files/2018/Non-Candidate Issue Ads/Future 45,President,KASW,Future 45,Republican
2018,,Local,Gallego Democrat Mayor,/media/andrew/F08C9B848C9B444E/analysis/tv/buys/KNXV-TV/Political Files/2018/Local/Gallego Democrat Mayor,Mayor,KNXV-TV,Gallego,Democrat
2018,,Non-Candidate Issue Ads,House Majority,/media/andrew/F08C9B848C9B444E/analysis/tv/buys/KASW/Political Files/2018/Non-Candidate Issue Ads/House Majority,House,KASW,House Majority,Democrat
2018,,Non-Candidate Issue Ads,HOUSE MAJORITY PAC,/media/andrew/F08C9B848C9B444E/analysis/tv/buys/KTVK/Political Files/2018/Non-Candidate Issue Ads/HOUSE MAJORITY PAC,House,KTVK,HOUSE MAJORITY PAC,Democrat
2018,,Non-Candidate Issue Ads,HOUSE MAJORITY PAC,/media/andrew/F08C9B848C9B444E/analysis/tv/buys/KPHO-TV/Political Files/2018/Non-Candidate Issue Ads/HOUSE MAJORITY PAC,House,KPHO-TV,HOUSE MAJORITY PAC,Democrat
2018,,Non-Candidate Issue Ads,House Majority PAC,/media/andrew/F08C9B848C9B444E/analysis/tv/buys/KSAZ-TV/Political Files/2018/Non-Candidate Issue Ads/House Majority PAC,House,KSAZ-TV,House Majority PAC,Democrat
2018,,Non-Candidate Issue Ads,House Majority PAC,/media/andrew/F08C9B848C9B444E/analysis/tv/buys/KNXV-TV/Political Files/2018/Non-Candidate Issue Ads/House Majority PAC,House,KNXV-TV,House Majority PAC,Democrat
2018,,Non-Candidate Issue Ads,House Majority PAC,/media/andrew/F08C9B848C9B444E/analysis/tv/buys/KUTP/Political Files/2018/Non-Candidate Issue Ads/House Majority PAC,House,KUTP,House Majority PAC,Democrat
2018,,Non-Candidate Issue Ads,House Majority Pac 2018,/media/andrew/F08C9B848C9B444E/analysis/tv/buys/KPNX/Political Files/2018/Non-Candidate Issue Ads/House Majority Pac 2018,House,KPNX,House Majority Pac,Democrat
2018,,Non-Candidate Issue Ads,INVEST IN EDUCATION COMMITTEE,/media/andrew/F08C9B848C9B444E/analysis/tv/buys/KTAZ/Political Files/2018/Non-Candidate Issue Ads/INVEST IN EDUCATION COMMITTEE,GOTV,KTAZ,INVEST IN EDUCATION COMMITTEE,Vote
2018,,Local,Kate Gallego for Mayor 2018,/media/andrew/F08C9B848C9B444E/analysis/tv/buys/KPNX/Political Files/2018/Local/Kate Gallego for Mayor 2018,Mayor,KPNX,Kate Gallego,Democrat
2018,,Local,Kate Gallego For Phoenix - Mayor,/media/andrew/F08C9B848C9B444E/analysis/tv/buys/KSAZ-TV/Political Files/2018/Local/Kate Gallego For Phoenix - Mayor,Mayor,KSAZ-TV,Kate Gallego,Democrat
2018,,Non-Candidate Issue Ads,KTVW Latino Vote,/media/andrew/F08C9B848C9B444E/analysis/tv/buys/KTVW-DT/Political Files/2018/Non-Candidate Issue Ads/KTVW Latino Vote,GOTV,KTVW-DT,KTVW Latino Vote,Vote
2018,,Non-Candidate Issue Ads,LATINO VOTE,/media/andrew/F08C9B848C9B444E/analysis/tv/buys/KTAZ/Political Files/2018/Non-Candidate Issue Ads/LATINO VOTE,GOTV,KTAZ,LATINO VOTE,Vote
2018,,Non-Candidate Issue Ads,MAJORITY FORWARD,/media/andrew/F08C9B848C9B444E/analysis/tv/buys/KTVK/Political Files/2018/Non-Candidate Issue Ads/MAJORITY FORWARD,Senate,KTVK,MAJORITY FORWARD,Democrat
2018,,Non-Candidate Issue Ads,MAJORITY FORWARD,/media/andrew/F08C9B848C9B444E/analysis/tv/buys/KPHO-TV/Political Files/2018/Non-Candidate Issue Ads/MAJORITY FORWARD,Senate,KPHO-TV,MAJORITY FORWARD,Democrat
2018,,Non-Candidate Issue Ads,Majority Forward,/media/andrew/F08C9B848C9B444E/analysis/tv/buys/KNXV-TV/Political Files/2018/Non-Candidate Issue Ads/Majority Forward,Senate,KNXV-TV,Majority Forward,Democrat
2018,,Non-Candidate Issue Ads,Majority Forward,/media/andrew/F08C9B848C9B444E/analysis/tv/buys/KUTP/Political Files/2018/Non-Candidate Issue Ads/Majority Forward,Senate,KUTP,Majority Forward,Democrat
2018,,Non-Candidate Issue Ads,Majority Forward,/media/andrew/F08C9B848C9B444E/analysis/tv/buys/KASW/Political Files/2018/Non-Candidate Issue Ads/Majority Forward,Senate,KASW,Majority Forward,Democrat
2018,,Non-Candidate Issue Ads,Majority Forward,/media/andrew/F08C9B848C9B444E/analysis/tv/buys/KSAZ-TV/Political Files/2018/Non-Candidate Issue Ads/Majority Forward,Senate,KSAZ-TV,Majority Forward,Democrat
2018,,Non-Candidate Issue Ads,Majority Forward,/media/andrew/F08C9B848C9B444E/analysis/tv/buys/KAZT-TV/Political Files/2018/Non-Candidate Issue Ads/Majority Forward,Senate,KAZT-TV,Majority Forward,Democrat
2018,,Non-Candidate Issue Ads,Majority Forward 2018,/media/andrew/F08C9B848C9B444E/analysis/tv/buys/KPNX/Political Files/2018/Non-Candidate Issue Ads/Majority Forward 2018,Senate,KPNX,Majority Forward,Democrat
2018,,Non-Candidate Issue Ads,Majority Forward  Vote Vets PAC,/media/andrew/F08C9B848C9B444E/analysis/tv/buys/KUTP/Political Files/2018/Non-Candidate Issue Ads/Majority Forward  Vote Vets PAC,Senate,KUTP,Majority Forward  Vote Vets PAC,Democrat
2018,,Non-Candidate Issue Ads,Majority Forward  Vote Vets PAC,/media/andrew/F08C9B848C9B444E/analysis/tv/buys/KSAZ-TV/Political Files/2018/Non-Candidate Issue Ads/Majority Forward  Vote Vets PAC,Senate,KSAZ-TV,Majority Forward  Vote Vets PAC,Democrat
2018,,Non-Candidate Issue Ads,Majority Forward and Vote Vets Action Plan,/media/andrew/F08C9B848C9B444E/analysis/tv/buys/KNXV-TV/Political Files/2018/Non-Candidate Issue Ads/Majority Forward and Vote Vets Action Plan,Senate,KNXV-TV,Majority Forward and Vote Vets Action Plan,Democrat
2018,,Non-Candidate Issue Ads,Majority Forward-Vote Vets 2018,/media/andrew/F08C9B848C9B444E/analysis/tv/buys/KPNX/Political Files/2018/Non-Candidate Issue Ads/Majority Forward-Vote Vets 2018,Senate,KPNX,Majority Forward Vote Vets,Democrat
2018,,Non-Candidate Issue Ads,MAJORITY FORWARD-VOTE VETS ACTION FUND,/media/andrew/F08C9B848C9B444E/analysis/tv/buys/KPHO-TV/Political Files/2018/Non-Candidate Issue Ads/MAJORITY FORWARD-VOTE VETS ACTION FUND,Senate,KPHO-TV,MAJORITY FORWARD VOTE VETS ACTION FUND,Democrat
2018,,Non-Candidate Issue Ads,MAJORITY FORWARD VOTE VETS PAC,/media/andrew/F08C9B848C9B444E/analysis/tv/buys/KPHO-TV/Political Files/2018/Non-Candidate Issue Ads/MAJORITY FORWARD VOTE VETS PAC,Senate,KPHO-TV,MAJORITY FORWARD VOTE VETS PAC,Democrat
2018,,Non-Candidate Issue Ads,MAJORITY FORWARD VOTE VETS PAC,/media/andrew/F08C9B848C9B444E/analysis/tv/buys/KTVK/Political Files/2018/Non-Candidate Issue Ads/MAJORITY FORWARD VOTE VETS PAC,Senate,KTVK,MAJORITY FORWARD VOTE VETS PAC,Democrat
2018,,Non-Candidate Issue Ads,NRCC - AZ 08,/media/andrew/F08C9B848C9B444E/analysis/tv/buys/KTVK/Political Files/2018/Non-Candidate Issue Ads/NRCC - AZ 08,House,KTVK,NRCC   ARIZONA 08,Republican
2018,,Non-Candidate Issue Ads,NRCC-IE,/media/andrew/F08C9B848C9B444E/analysis/tv/buys/KSAZ-TV/Political Files/2018/Non-Candidate Issue Ads/NRCC-IE,House,KSAZ-TV,NRCC IE,Republican
2018,,Non-Candidate Issue Ads,NRCC IE,/media/andrew/F08C9B848C9B444E/analysis/tv/buys/KNXV-TV/Political Files/2018/Non-Candidate Issue Ads/NRCC IE,House,KNXV-TV,NRCC IE,Republican
2018,,Non-Candidate Issue Ads,NRCC-IE,/media/andrew/F08C9B848C9B444E/analysis/tv/buys/KPHO-TV/Political Files/2018/Non-Candidate Issue Ads/NRCC-IE,House,KPHO-TV,NRCC IE,Republican
2018,,Non-Candidate Issue Ads,NRCC-IE 2018,/media/andrew/F08C9B848C9B444E/analysis/tv/buys/KPNX/Political Files/2018/Non-Candidate Issue Ads/NRCC-IE 2018,House,KPNX,NRCC IE,Republican
2018,,Non-Candidate Issue Ads,NRSC,/media/andrew/F08C9B848C9B444E/analysis/tv/buys/KSAZ-TV/Political Files/2018/Non-Candidate Issue Ads/NRSC,Senate,KSAZ-TV,NRSC,Republican
2018,,Non-Candidate Issue Ads,NRSC,/media/andrew/F08C9B848C9B444E/analysis/tv/buys/KASW/Political Files/2018/Non-Candidate Issue Ads/NRSC,Senate,KASW,NRSC,Republican
2018,,Non-Candidate Issue Ads,NRSC,/media/andrew/F08C9B848C9B444E/analysis/tv/buys/KTVK/Political Files/2018/Non-Candidate Issue Ads/NRSC,Senate,KTVK,NRSC,Republican
2018,,Non-Candidate Issue Ads,NRSC-IE,/media/andrew/F08C9B848C9B444E/analysis/tv/buys/KUTP/Political Files/2018/Non-Candidate Issue Ads/NRSC-IE,Senate,KUTP,NRSC IE,Republican
2018,,Non-Candidate Issue Ads,National Republican Senatorial Committee-IE,/media/andrew/F08C9B848C9B444E/analysis/tv/buys/KAZT-TV/Political Files/2018/Non-Candidate Issue Ads/National Republican Senatorial Committee-IE,Senate,KAZT-TV,NRSC IE,Republican
2018,,Non-Candidate Issue Ads,NRSC IE,/media/andrew/F08C9B848C9B444E/analysis/tv/buys/KNXV-TV/Political Files/2018/Non-Candidate Issue Ads/NRSC IE,Senate,KNXV-TV,NRSC IE,Republican
2018,,Non-Candidate Issue Ads,NRSC IE,/media/andrew/F08C9B848C9B444E/analysis/tv/buys/KTVK/Political Files/2018/Non-Candidate Issue Ads/NRSC IE,Senate,KTVK,NRSC IE,Republican
2018,,Non-Candidate Issue Ads,NRSC-IE,/media/andrew/F08C9B848C9B444E/analysis/tv/buys/KSAZ-TV/Political Files/2018/Non-Candidate Issue Ads/NRSC-IE,Senate,KSAZ-TV,NRSC IE,Republican
2018,,Non-Candidate Issue Ads,NRSC IE,/media/andrew/F08C9B848C9B444E/analysis/tv/buys/KPHO-TV/Political Files/2018/Non-Candidate Issue Ads/NRSC IE,Senate,KPHO-TV,NRSC IE,Republican
2018,,Non-Candidate Issue Ads,NRSC-IE 2018,/media/andrew/F08C9B848C9B444E/analysis/tv/buys/KPNX/Political Files/2018/Non-Candidate Issue Ads/NRSC-IE 2018,Senate,KPNX,NRSC IE,Republican
2018,,Non-Candidate Issue Ads,ONE NATION,/media/andrew/F08C9B848C9B444E/analysis/tv/buys/KPHO-TV/Political Files/2018/Non-Candidate Issue Ads/ONE NATION,Senate,KPHO-TV,ONE NATION,Republican
2018,,Non-Candidate Issue Ads,ONE NATION,/media/andrew/F08C9B848C9B444E/analysis/tv/buys/KTVK/Political Files/2018/Non-Candidate Issue Ads/ONE NATION,Senate,KTVK,ONE NATION,Republican
2018,,Non-Candidate Issue Ads,One Nation,/media/andrew/F08C9B848C9B444E/analysis/tv/buys/KASW/Political Files/2018/Non-Candidate Issue Ads/One Nation,Senate,KASW,One Nation,Republican
2018,,Non-Candidate Issue Ads,One Nation,/media/andrew/F08C9B848C9B444E/analysis/tv/buys/KUTP/Political Files/2018/Non-Candidate Issue Ads/One Nation,Senate,KUTP,One Nation,Republican
2018,,Non-Candidate Issue Ads,One Nation,/media/andrew/F08C9B848C9B444E/analysis/tv/buys/KAZT-TV/Political Files/2018/Non-Candidate Issue Ads/One Nation,Senate,KAZT-TV,One Nation,Republican
2018,,Non-Candidate Issue Ads,One Nation,/media/andrew/F08C9B848C9B444E/analysis/tv/buys/KSAZ-TV/Political Files/2018/Non-Candidate Issue Ads/One Nation,Senate,KSAZ-TV,One Nation,Republican
2018,,Non-Candidate Issue Ads,One Nation 2018,/media/andrew/F08C9B848C9B444E/analysis/tv/buys/KPNX/Political Files/2018/Non-Candidate Issue Ads/One Nation 2018,Senate,KPNX,One Nation,Republican
2018,,Non-Candidate Issue Ads,One Nation AZ,/media/andrew/F08C9B848C9B444E/analysis/tv/buys/KNXV-TV/Political Files/2018/Non-Candidate Issue Ads/One Nation AZ,Senate,KNXV-TV,One Nation ARIZONA,Republican
2018,,Non-Candidate Issue Ads,Patriot Majority,/media/andrew/F08C9B848C9B444E/analysis/tv/buys/KASW/Political Files/2018/Non-Candidate Issue Ads/Patriot Majority,Senate,KASW,Patriot Majority,Democrat
2018,,Non-Candidate Issue Ads,PATRIOT MAJORITY USA,/media/andrew/F08C9B848C9B444E/analysis/tv/buys/KSAZ-TV/Political Files/2018/Non-Candidate Issue Ads/PATRIOT MAJORITY USA,Senate,KSAZ-TV,PATRIOT MAJORITY USA,Democrat
2018,,Non-Candidate Issue Ads,PATRIOT MAJORITY USA,/media/andrew/F08C9B848C9B444E/analysis/tv/buys/KTVK/Political Files/2018/Non-Candidate Issue Ads/PATRIOT MAJORITY USA,Senate,KTVK,PATRIOT MAJORITY USA,Democrat
2018,,Non-Candidate Issue Ads,PATRIOT MAJORITY USA,/media/andrew/F08C9B848C9B444E/analysis/tv/buys/KPHO-TV/Political Files/2018/Non-Candidate Issue Ads/PATRIOT MAJORITY USA,Senate,KPHO-TV,PATRIOT MAJORITY USA,Democrat
2018,,Non-Candidate Issue Ads,Patriot Majority USA,/media/andrew/F08C9B848C9B444E/analysis/tv/buys/KUTP/Political Files/2018/Non-Candidate Issue Ads/Patriot Majority USA,Senate,KUTP,Patriot Majority USA,Democrat
2018,,Non-Candidate Issue Ads,Patriot Majority USA,/media/andrew/F08C9B848C9B444E/analysis/tv/buys/KNXV-TV/Political Files/2018/Non-Candidate Issue Ads/Patriot Majority USA,Senate,KNXV-TV,Patriot Majority USA,Democrat
2018,,Non-Candidate Issue Ads,Patriot Majority USA,/media/andrew/F08C9B848C9B444E/analysis/tv/buys/KAZT-TV/Political Files/2018/Non-Candidate Issue Ads/Patriot Majority USA,Senate,KAZT-TV,Patriot Majority USA,Democrat
2018,,Non-Candidate Issue Ads,Patriot Majority USA 2018,/media/andrew/F08C9B848C9B444E/analysis/tv/buys/KPNX/Political Files/2018/Non-Candidate Issue Ads/Patriot Majority USA 2018,Senate,KPNX,Patriot Majority USA,Democrat
2018,,Non-Candidate Issue Ads,People for the American Way -KTVW,/media/andrew/F08C9B848C9B444E/analysis/tv/buys/KTVW-DT/Political Files/2018/Non-Candidate Issue Ads/People for the American Way -KTVW,Governor,KTVW-DT,People for the American Way  KTVW,Democrat
2018,,Non-Candidate Issue Ads,PFAW,/media/andrew/F08C9B848C9B444E/analysis/tv/buys/KTAZ/Political Files/2018/Non-Candidate Issue Ads/PFAW,Governor,KTAZ,PFAW,Democrat
2018,,Non-Candidate Issue Ads,RED AND GOLD,/media/andrew/F08C9B848C9B444E/analysis/tv/buys/KTVK/Political Files/2018/Non-Candidate Issue Ads/RED AND GOLD,Senate,KTVK,RED AND GOLD,Democrat
2018,,Non-Candidate Issue Ads,RED AND GOLD,/media/andrew/F08C9B848C9B444E/analysis/tv/buys/KPHO-TV/Political Files/2018/Non-Candidate Issue Ads/RED AND GOLD,Senate,KPHO-TV,RED AND GOLD,Democrat
2018,,Non-Candidate Issue Ads,Red and Gold,/media/andrew/F08C9B848C9B444E/analysis/tv/buys/KNXV-TV/Political Files/2018/Non-Candidate Issue Ads/Red and Gold,Senate,KNXV-TV,Red and Gold,Democrat
2018,,Non-Candidate Issue Ads,Red and Gold,/media/andrew/F08C9B848C9B444E/analysis/tv/buys/KSAZ-TV/Political Files/2018/Non-Candidate Issue Ads/Red and Gold,Senate,KSAZ-TV,Red and Gold,Democrat
2018,,Non-Candidate Issue Ads,Red and Gold,/media/andrew/F08C9B848C9B444E/analysis/tv/buys/KAZT-TV/Political Files/2018/Non-Candidate Issue Ads/Red and Gold,Senate,KAZT-TV,Red and Gold,Democrat
2018,,Non-Candidate Issue Ads,Red and Gold,/media/andrew/F08C9B848C9B444E/analysis/tv/buys/KASW/Political Files/2018/Non-Candidate Issue Ads/Red and Gold,Senate,KASW,Red and Gold,Democrat
2018,,Non-Candidate Issue Ads,Red and Gold,/media/andrew/F08C9B848C9B444E/analysis/tv/buys/KUTP/Political Files/2018/Non-Candidate Issue Ads/Red and Gold,Senate,KUTP,Red and Gold,Democrat
2018,,Non-Candidate Issue Ads,Red and Gold 2018,/media/andrew/F08C9B848C9B444E/analysis/tv/buys/KPNX/Political Files/2018/Non-Candidate Issue Ads/Red and Gold 2018,Senate,KPNX,Red and Gold,Democrat
2018,,Non-Candidate Issue Ads,Republican Governors Association,/media/andrew/F08C9B848C9B444E/analysis/tv/buys/KASW/Political Files/2018/Non-Candidate Issue Ads/Republican Governors Association,Governor,KASW,Republican Governors Association,Republican
2018,,Non-Candidate Issue Ads,Republican Governors Association,/media/andrew/F08C9B848C9B444E/analysis/tv/buys/KNXV-TV/Political Files/2018/Non-Candidate Issue Ads/Republican Governors Association,Governor,KNXV-TV,Republican Governors Association,Republican
2018,,Non-Candidate Issue Ads,RGA - Republican Governors Association,/media/andrew/F08C9B848C9B444E/analysis/tv/buys/KSAZ-TV/Political Files/2018/Non-Candidate Issue Ads/RGA - Republican Governors Association,Governor,KSAZ-TV,RGA   Republican Governors Association,Republican
2018,,Non-Candidate Issue Ads,RGA ARIZONA PAC,/media/andrew/F08C9B848C9B444E/analysis/tv/buys/KPHO-TV/Political Files/2018/Non-Candidate Issue Ads/RGA ARIZONA PAC,Governor,KPHO-TV,RGA ARIZONA PAC,Republican
2018,,Non-Candidate Issue Ads,RGA AZ PAC,/media/andrew/F08C9B848C9B444E/analysis/tv/buys/KAZT-TV/Political Files/2018/Non-Candidate Issue Ads/RGA AZ PAC,Governor,KAZT-TV,RGA ARIZONA PAC,Republican
2018,,Non-Candidate Issue Ads,RGA AZ PAC,/media/andrew/F08C9B848C9B444E/analysis/tv/buys/KTVK/Political Files/2018/Non-Candidate Issue Ads/RGA AZ PAC,Governor,KTVK,RGA ARIZONA PAC,Republican
2018,,Non-Candidate Issue Ads,RGA Arizona PAC,/media/andrew/F08C9B848C9B444E/analysis/tv/buys/KNXV-TV/Political Files/2018/Non-Candidate Issue Ads/RGA Arizona PAC,Governor,KNXV-TV,RGA Arizona PAC,Republican
2018,,Non-Candidate Issue Ads,Save Native American Families 2018,/media/andrew/F08C9B848C9B444E/analysis/tv/buys/KPNX/Political Files/2018/Non-Candidate Issue Ads/Save Native American Families 2018,Prop 127,KPNX,Save Native American Families,No
2018,,Non-Candidate Issue Ads,Save Native American Families - No on Prop 127,/media/andrew/F08C9B848C9B444E/analysis/tv/buys/KNXV-TV/Political Files/2018/Non-Candidate Issue Ads/Save Native American Families - No on Prop 127,Prop 127,KNXV-TV,Save Native American Families   No on Prop 127,No
2018,,Non-Candidate Issue Ads,Senate Majority,/media/andrew/F08C9B848C9B444E/analysis/tv/buys/KASW/Political Files/2018/Non-Candidate Issue Ads/Senate Majority,Senate,KASW,Senate Majority,Democrat
2018,,Non-Candidate Issue Ads,SENATE MAJORITY PAC,/media/andrew/F08C9B848C9B444E/analysis/tv/buys/KPHO-TV/Political Files/2018/Non-Candidate Issue Ads/SENATE MAJORITY PAC,Senate,KPHO-TV,SENATE MAJORITY PAC,Democrat
2018,,Non-Candidate Issue Ads,Senate Majority PAC,/media/andrew/F08C9B848C9B444E/analysis/tv/buys/KNXV-TV/Political Files/2018/Non-Candidate Issue Ads/Senate Majority PAC,Senate,KNXV-TV,Senate Majority PAC,Democrat
2018,,Non-Candidate Issue Ads,Senate Majority Pac 2018,/media/andrew/F08C9B848C9B444E/analysis/tv/buys/KPNX/Political Files/2018/Non-Candidate Issue Ads/Senate Majority Pac 2018,Senate,KPNX,Senate Majority Pac,Democrat
2018,,Non-Candidate Issue Ads,TAX MARCH,/media/andrew/F08C9B848C9B444E/analysis/tv/buys/KSAZ-TV/Political Files/2018/Non-Candidate Issue Ads/TAX MARCH,Tax Returns,KSAZ-TV,TAX MARCH,Release Those Returns
2018,,Non-Candidate Issue Ads,TAX MARCH,/media/andrew/F08C9B848C9B444E/analysis/tv/buys/KPHO-TV/Political Files/2018/Non-Candidate Issue Ads/TAX MARCH,Tax Returns,KPHO-TV,TAX MARCH,Release Those Returns
2018,,Non-Candidate Issue Ads,TAX MARCH,/media/andrew/F08C9B848C9B444E/analysis/tv/buys/KTVK/Political Files/2018/Non-Candidate Issue Ads/TAX MARCH,Tax Returns,KTVK,TAX MARCH,Release Those Returns
2018,,Non-Candidate Issue Ads,Tax March,/media/andrew/F08C9B848C9B444E/analysis/tv/buys/KNXV-TV/Political Files/2018/Non-Candidate Issue Ads/Tax March,Tax Returns,KNXV-TV,Tax March,Release Those Returns
2018,,Non-Candidate Issue Ads,Tax March,/media/andrew/F08C9B848C9B444E/analysis/tv/buys/KAZT-TV/Political Files/2018/Non-Candidate Issue Ads/Tax March,Tax Returns,KAZT-TV,Tax March,Release Those Returns
2018,,Non-Candidate Issue Ads,Tax March,/media/andrew/F08C9B848C9B444E/analysis/tv/buys/KUTP/Political Files/2018/Non-Candidate Issue Ads/Tax March,Tax Returns,KUTP,Tax March,Release Those Returns
2018,,Non-Candidate Issue Ads,Tax March,/media/andrew/F08C9B848C9B444E/analysis/tv/buys/KASW/Political Files/2018/Non-Candidate Issue Ads/Tax March,Tax Returns,KASW,Tax March,Release Those Returns
2018,,Non-Candidate Issue Ads,Tax March 2018,/media/andrew/F08C9B848C9B444E/analysis/tv/buys/KPNX/Political Files/2018/Non-Candidate Issue Ads/Tax March 2018,Tax Returns,KPNX,Tax March,Release Those Returns
2018,,Non-Candidate Issue Ads,Tom Steyer- Impeach Trump,/media/andrew/F08C9B848C9B444E/analysis/tv/buys/KTVW-DT/Political Files/2018/Non-Candidate Issue Ads/Tom Steyer- Impeach Trump,Impeachment,KTVW-DT,Tom Steyer  Impeach Trump,Impeach
2018,,Non-Candidate Issue Ads,Tom Steyer Issue Campaign,/media/andrew/F08C9B848C9B444E/analysis/tv/buys/KSAZ-TV/Political Files/2018/Non-Candidate Issue Ads/Tom Steyer Issue Campaign,Impeachment,KSAZ-TV,Tom Steyer Issue Campaign,Impeach
2018,,Non-Candidate Issue Ads,US CHAMBER OF COMMERCE,/media/andrew/F08C9B848C9B444E/analysis/tv/buys/KTVK/Political Files/2018/Non-Candidate Issue Ads/US CHAMBER OF COMMERCE,Senate,KTVK,US CHAMBER OF COMMERCE,Democrat
2018,,Non-Candidate Issue Ads,US CHAMBER OF COMMERCE,/media/andrew/F08C9B848C9B444E/analysis/tv/buys/KPHO-TV/Political Files/2018/Non-Candidate Issue Ads/US CHAMBER OF COMMERCE,Senate,KPHO-TV,US CHAMBER OF COMMERCE,Democrat
2018,,Non-Candidate Issue Ads,US Chamber of Commerce,/media/andrew/F08C9B848C9B444E/analysis/tv/buys/KSAZ-TV/Political Files/2018/Non-Candidate Issue Ads/US Chamber of Commerce,Senate,KSAZ-TV,US Chamber of Commerce,Democrat
2018,,Non-Candidate Issue Ads,US Chamber of Commerce,/media/andrew/F08C9B848C9B444E/analysis/tv/buys/KUTP/Political Files/2018/Non-Candidate Issue Ads/US Chamber of Commerce,Senate,KUTP,US Chamber of Commerce,Democrat
2018,,Non-Candidate Issue Ads,US Chamber of Commerce,/media/andrew/F08C9B848C9B444E/analysis/tv/buys/KNXV-TV/Political Files/2018/Non-Candidate Issue Ads/US Chamber of Commerce,Senate,KNXV-TV,US Chamber of Commerce,Democrat
2018,,Non-Candidate Issue Ads,US Chamber of Commerce 2018,/media/andrew/F08C9B848C9B444E/analysis/tv/buys/KPNX/Political Files/2018/Non-Candidate Issue Ads/US Chamber of Commerce 2018,Senate,KPNX,US Chamber of Commerce,Democrat
2018,,Local,Valenzuela Democrat Mayor,/media/andrew/F08C9B848C9B444E/analysis/tv/buys/KNXV-TV/Political Files/2018/Local/Valenzuela Democrat Mayor,Mayor,KNXV-TV,Valenzuela,Democrat
2018,,Non-Candidate Issue Ads,Vote Vets - Majority Forward,/media/andrew/F08C9B848C9B444E/analysis/tv/buys/KUTP/Political Files/2018/Non-Candidate Issue Ads/Vote Vets - Majority Forward,Senate,KUTP,Vote Vets   Majority Forward,Democrat
2018,,Non-Candidate Issue Ads,Vote Vets Action Fund,/media/andrew/F08C9B848C9B444E/analysis/tv/buys/KASW/Political Files/2018/Non-Candidate Issue Ads/Vote Vets Action Fund,Senate,KASW,Vote Vets Action Fund,Democrat
2018,,Non-Candidate Issue Ads,VOTE VETS ACTION FUND - MAJORITY FORWARD,/media/andrew/F08C9B848C9B444E/analysis/tv/buys/KTVK/Political Files/2018/Non-Candidate Issue Ads/VOTE VETS ACTION FUND - MAJORITY FORWARD,Senate,KTVK,VOTE VETS ACTION FUND   MAJORITY FORWARD,Democrat
2018,,Non-Candidate Issue Ads,Vote Vets Action Fund - Majority Forward,/media/andrew/F08C9B848C9B444E/analysis/tv/buys/KSAZ-TV/Political Files/2018/Non-Candidate Issue Ads/Vote Vets Action Fund - Majority Forward,Senate,KSAZ-TV,Vote Vets Action Fund   Majority Forward,Democrat
2018,,Non-Candidate Issue Ads,Vote Vets Action Fund - Majority Forward,/media/andrew/F08C9B848C9B444E/analysis/tv/buys/KAZT-TV/Political Files/2018/Non-Candidate Issue Ads/Vote Vets Action Fund - Majority Forward,Senate,KAZT-TV,Vote Vets Action Fund   Majority Forward,Democrat
2018,,Non-Candidate Issue Ads,Vote Vets PAC,/media/andrew/F08C9B848C9B444E/analysis/tv/buys/KAZT-TV/Political Files/2018/Non-Candidate Issue Ads/Vote Vets PAC,Senate,KAZT-TV,Vote Vets PAC,Democrat
2018,,Non-Candidate Issue Ads,Vote Vets PAC-Majority Forward,/media/andrew/F08C9B848C9B444E/analysis/tv/buys/KAZT-TV/Political Files/2018/Non-Candidate Issue Ads/Vote Vets PAC-Majority Forward,Senate,KAZT-TV,Vote Vets PAC Majority Forward,Democrat
2018,,Non-Candidate Issue Ads,WOMEN VOTE,/media/andrew/F08C9B848C9B444E/analysis/tv/buys/KTAZ/Political Files/2018/Non-Candidate Issue Ads/WOMEN VOTE,Senate,KTAZ,WOMEN VOTE,Democrat
2018,8,Non-Candidate Issue Ads,WORKING FAMILIES,/media/andrew/F08C9B848C9B444E/analysis/tv/buys/KTVK/Political Files/2018/Non-Candidate Issue Ads/WORKING FAMILIES,House,KTVK,WORKING FAMILIES,Democrat
2018,8,Non-Candidate Issue Ads,Working Families Party IE,/media/andrew/F08C9B848C9B444E/analysis/tv/buys/KNXV-TV/Political Files/2018/Non-Candidate Issue Ads/Working Families Party IE,House,KNXV-TV,Working Families Party IE,Democrat
2018,8,Non-Candidate Issue Ads,Working Families Party IE Committee,/media/andrew/F08C9B848C9B444E/analysis/tv/buys/KSAZ-TV/Political Files/2018/Non-Candidate Issue Ads/Working Families Party IE Committee,House,KSAZ-TV,Working Families Party IE Committee,Democrat
2018,8,Non-Candidate Issue Ads,Working Families Party Ind Expenditure Committee 2018,/media/andrew/F08C9B848C9B444E/analysis/tv/buys/KPNX/Political Files/2018/Non-Candidate Issue Ads/Working Families Party Ind Expenditure Committee 2018,House,KPNX,Working Families Party Ind Expenditure Committee,Democrat
2018,8,Non-Candidate Issue Ads,WORKING FAMLIES PARTY IC,/media/andrew/F08C9B848C9B444E/analysis/tv/buys/KPHO-TV/Political Files/2018/Non-Candidate Issue Ads/WORKING FAMLIES PARTY IC,House,KPHO-TV,WORKING FAMLIES PARTY IC,Democrat
2018,,Non-Candidate Issue Ads,Yes For Ed AZ,/media/andrew/F08C9B848C9B444E/analysis/tv/buys/KAZT-TV/Political Files/2018/Non-Candidate Issue Ads/Yes For Ed AZ,Prop 305,KAZT-TV,Yes For Ed ARIZONA,Yes