Cycle,District,Jurisdiction,Name,Path,Race,Station
2018,,Federal,Kyrsten Sinema,/home/andrew/Documents/PredictiveModeling/TV/stations/KASW/Political Files/2018/Federal/US Senate/Kyrsten Sinema,,KASW
2018,,Federal,Kyrsten Sinema DSCC,/home/andrew/Documents/PredictiveModeling/TV/stations/KASW/Political Files/2018/Federal/US Senate/Kyrsten Sinema DSCC,,KASW
2018,,Federal,McSally for Senate,/home/andrew/Documents/PredictiveModeling/TV/stations/KASW/Political Files/2018/Federal/US Senate/McSally for Senate,,KASW
2018,AZ 09,Federal,Greg Stanton for Congress,/home/andrew/Documents/PredictiveModeling/TV/stations/KASW/Political Files/2018/Federal/US House/AZ 09,,KASW
2018,AZ 01,Federal,DCCC T OHALLERAN AZ-1,/home/andrew/Documents/PredictiveModeling/TV/stations/KASW/Political Files/2018/Federal/US House/AZ 01,,KASW
2018,AZ 01,Federal,OHALLERAN AZ-1,/home/andrew/Documents/PredictiveModeling/TV/stations/KASW/Political Files/2018/Federal/US House/AZ 01,,KASW
2018,,Federal,TIPRNENI,/home/andrew/Documents/PredictiveModeling/TV/stations/KASW/Political Files/2018/Federal/US House/TIPRNENI,,KASW
2018,,Non-Candidate Issue Ads,Tax March,/home/andrew/Documents/PredictiveModeling/TV/stations/KASW/Political Files/2018/Non-Candidate Issue Ads/Tax March,,KASW
2018,,Non-Candidate Issue Ads,Arizonans for Affordable Electricity,/home/andrew/Documents/PredictiveModeling/TV/stations/KASW/Political Files/2018/Non-Candidate Issue Ads/Arizonans for Affordable Electricity,,KASW
2018,,Non-Candidate Issue Ads,AFSCME People Pac,/home/andrew/Documents/PredictiveModeling/TV/stations/KASW/Political Files/2018/Non-Candidate Issue Ads/AFSCME People Pac,,KASW
2018,,Non-Candidate Issue Ads,Republican Governors Association,/home/andrew/Documents/PredictiveModeling/TV/stations/KASW/Political Files/2018/Non-Candidate Issue Ads/Republican Governors Association,,KASW
2018,,Non-Candidate Issue Ads,One Nation,/home/andrew/Documents/PredictiveModeling/TV/stations/KASW/Political Files/2018/Non-Candidate Issue Ads/One Nation,,KASW
2018,,Non-Candidate Issue Ads,Red and Gold,/home/andrew/Documents/PredictiveModeling/TV/stations/KASW/Political Files/2018/Non-Candidate Issue Ads/Red and Gold,,KASW
2018,,Non-Candidate Issue Ads,NRSC,/home/andrew/Documents/PredictiveModeling/TV/stations/KASW/Political Files/2018/Non-Candidate Issue Ads/NRSC,,KASW
2018,,Non-Candidate Issue Ads,45 Committe PAC,/home/andrew/Documents/PredictiveModeling/TV/stations/KASW/Political Files/2018/Non-Candidate Issue Ads/45 Committe PAC,,KASW
2018,,Non-Candidate Issue Ads,Patriot Majority,/home/andrew/Documents/PredictiveModeling/TV/stations/KASW/Political Files/2018/Non-Candidate Issue Ads/Patriot Majority,,KASW
2018,,Non-Candidate Issue Ads,Future 45,/home/andrew/Documents/PredictiveModeling/TV/stations/KASW/Political Files/2018/Non-Candidate Issue Ads/Future 45,,KASW
2018,,Non-Candidate Issue Ads,Vote Vets Action Fund,/home/andrew/Documents/PredictiveModeling/TV/stations/KASW/Political Files/2018/Non-Candidate Issue Ads/Vote Vets Action Fund,,KASW
2018,,Non-Candidate Issue Ads,Arizona Republican Party,/home/andrew/Documents/PredictiveModeling/TV/stations/KASW/Political Files/2018/Non-Candidate Issue Ads/Arizona Republican Party,,KASW
2018,,Non-Candidate Issue Ads,Senate Majority,/home/andrew/Documents/PredictiveModeling/TV/stations/KASW/Political Files/2018/Non-Candidate Issue Ads/Senate Majority,,KASW
2018,,Non-Candidate Issue Ads,Majority Forward,/home/andrew/Documents/PredictiveModeling/TV/stations/KASW/Political Files/2018/Non-Candidate Issue Ads/Majority Forward,,KASW
2018,,Non-Candidate Issue Ads,DCCC,/home/andrew/Documents/PredictiveModeling/TV/stations/KASW/Political Files/2018/Non-Candidate Issue Ads/DCCC,,KASW
2018,,Non-Candidate Issue Ads,Defend AZ,/home/andrew/Documents/PredictiveModeling/TV/stations/KASW/Political Files/2018/Non-Candidate Issue Ads/Defend AZ,,KASW
2018,,Non-Candidate Issue Ads,DSCC,/home/andrew/Documents/PredictiveModeling/TV/stations/KASW/Political Files/2018/Non-Candidate Issue Ads/DSCC,,KASW
2018,,Non-Candidate Issue Ads,House Majority,/home/andrew/Documents/PredictiveModeling/TV/stations/KASW/Political Files/2018/Non-Candidate Issue Ads/House Majority,,KASW
2018,,Non-Candidate Issue Ads,Clean Energy for a Healthy Arizona,/home/andrew/Documents/PredictiveModeling/TV/stations/KASW/Political Files/2018/Non-Candidate Issue Ads/Clean Energy for a Healthy Arizona,,KASW
2018,,State,Governor,/home/andrew/Documents/PredictiveModeling/TV/stations/KASW/Political Files/2018/State/Governor,,KASW
2018,,State,D DUCEY AZRP,/home/andrew/Documents/PredictiveModeling/TV/stations/KASW/Political Files/2018/State/D DUCEY AZRP,,KASW
2018,,State,Gallego for Mayor,/home/andrew/Documents/PredictiveModeling/TV/stations/KASW/Political Files/2018/State/Gallego for Mayor,,KASW
2018,,State,Katie Hobbs for Secretary of State,/home/andrew/Documents/PredictiveModeling/TV/stations/KASW/Political Files/2018/State/Katie Hobbs for Secretary of State,,KASW
2018,,Federal,NRSC McSally,/home/andrew/Documents/PredictiveModeling/TV/stations/KNXV-TV/Political Files/2018/Federal/US Senate/NRSC McSally,,KNXV-TV
2018,,Federal,Sinema for Senate - General,/home/andrew/Documents/PredictiveModeling/TV/stations/KNXV-TV/Political Files/2018/Federal/US Senate/Sinema for Senate - General,,KNXV-TV
2018,,Federal,McSally Republican US Senate - General,/home/andrew/Documents/PredictiveModeling/TV/stations/KNXV-TV/Political Files/2018/Federal/US Senate/McSally Republican US Senate - General,,KNXV-TV
2018,,Federal,DSCC Sinema for Senate,/home/andrew/Documents/PredictiveModeling/TV/stations/KNXV-TV/Political Files/2018/Federal/US Senate/DSCC Sinema for Senate,,KNXV-TV
2018,,Federal,Sinema for Senate - Primary,/home/andrew/Documents/PredictiveModeling/TV/stations/KNXV-TV/Political Files/2018/Federal/US Senate/Sinema for Senate - Primary,,KNXV-TV
2018,,Federal,McSally Republican US Senate - Primary,/home/andrew/Documents/PredictiveModeling/TV/stations/KNXV-TV/Political Files/2018/Federal/US Senate/McSally Republican US Senate - Primary,,KNXV-TV
2018,,Federal,NRCC Lesko for Congress,/home/andrew/Documents/PredictiveModeling/TV/stations/KNXV-TV/Political Files/2018/Federal/US House/NRCC Lesko for Congress,,KNXV-TV
2018,,Federal,Stanton Democrat Congress - GENERAL,/home/andrew/Documents/PredictiveModeling/TV/stations/KNXV-TV/Political Files/2018/Federal/US House/Stanton Democrat Congress - GENERAL,,KNXV-TV
2018,,Federal,GallegoDemocratCongress,/home/andrew/Documents/PredictiveModeling/TV/stations/KNXV-TV/Political Files/2018/Federal/US House/GallegoDemocratCongress,,KNXV-TV
2018,,Federal,Tiperneni for Congress - PRIMARY,/home/andrew/Documents/PredictiveModeling/TV/stations/KNXV-TV/Political Files/2018/Federal/US House/Tiperneni for Congress - PRIMARY,,KNXV-TV
2018,,Federal,OHalleran for Congress - PRIMARY,/home/andrew/Documents/PredictiveModeling/TV/stations/KNXV-TV/Political Files/2018/Federal/US House/OHalleran for Congress - PRIMARY,,KNXV-TV
2018,,Federal,DCCC OHalleran for Congress,/home/andrew/Documents/PredictiveModeling/TV/stations/KNXV-TV/Political Files/2018/Federal/US House/DCCC OHalleran for Congress,,KNXV-TV
2018,,Federal,Ferrara for Congress,/home/andrew/Documents/PredictiveModeling/TV/stations/KNXV-TV/Political Files/2018/Federal/US House/Ferrara for Congress,,KNXV-TV
2018,,Federal,OHalleran for Congress - GENERAL,/home/andrew/Documents/PredictiveModeling/TV/stations/KNXV-TV/Political Files/2018/Federal/US House/OHalleran for Congress - GENERAL,,KNXV-TV
2018,,Federal,Shedd for Congress,/home/andrew/Documents/PredictiveModeling/TV/stations/KNXV-TV/Political Files/2018/Federal/US House/Shedd for Congress,,KNXV-TV
2018,,Federal,Tiperneni for Congress - GENERAL,/home/andrew/Documents/PredictiveModeling/TV/stations/KNXV-TV/Political Files/2018/Federal/US House/Tiperneni for Congress - GENERAL,,KNXV-TV
2018,,Local,Valenzuela Democrat Mayor,/home/andrew/Documents/PredictiveModeling/TV/stations/KNXV-TV/Political Files/2018/Local/Valenzuela Democrat Mayor,,KNXV-TV
2018,,Local,Gallego Democrat Mayor,/home/andrew/Documents/PredictiveModeling/TV/stations/KNXV-TV/Political Files/2018/Local/Gallego Democrat Mayor,,KNXV-TV
2018,,Non-Candidate Issue Ads,ACLU AZ,/home/andrew/Documents/PredictiveModeling/TV/stations/KNXV-TV/Political Files/2018/Non-Candidate Issue Ads/ACLU AZ,,KNXV-TV
2018,,Non-Candidate Issue Ads,AFSCMA People,/home/andrew/Documents/PredictiveModeling/TV/stations/KNXV-TV/Political Files/2018/Non-Candidate Issue Ads/AFSCMA People,,KNXV-TV
2018,,Non-Candidate Issue Ads,45 Committee,/home/andrew/Documents/PredictiveModeling/TV/stations/KNXV-TV/Political Files/2018/Non-Candidate Issue Ads/45 Committee,,KNXV-TV
2018,,Non-Candidate Issue Ads,Working Families Party IE,/home/andrew/Documents/PredictiveModeling/TV/stations/KNXV-TV/Political Files/2018/Non-Candidate Issue Ads/Working Families Party IE,,KNXV-TV
2018,,Non-Candidate Issue Ads,DSCC IE,/home/andrew/Documents/PredictiveModeling/TV/stations/KNXV-TV/Political Files/2018/Non-Candidate Issue Ads/DSCC IE,,KNXV-TV
2018,,Non-Candidate Issue Ads,Chispa AZ PAC,/home/andrew/Documents/PredictiveModeling/TV/stations/KNXV-TV/Political Files/2018/Non-Candidate Issue Ads/Chispa AZ PAC,,KNXV-TV
2018,,Non-Candidate Issue Ads,Arizona for Freedom,/home/andrew/Documents/PredictiveModeling/TV/stations/KNXV-TV/Political Files/2018/Non-Candidate Issue Ads/Arizona for Freedom,,KNXV-TV
2018,,Non-Candidate Issue Ads,Tax March,/home/andrew/Documents/PredictiveModeling/TV/stations/KNXV-TV/Political Files/2018/Non-Candidate Issue Ads/Tax March,,KNXV-TV
2018,,Non-Candidate Issue Ads,US Chamber of Commerce,/home/andrew/Documents/PredictiveModeling/TV/stations/KNXV-TV/Political Files/2018/Non-Candidate Issue Ads/US Chamber of Commerce,,KNXV-TV
2018,,Non-Candidate Issue Ads,Arizonans for Affordable Electricity,/home/andrew/Documents/PredictiveModeling/TV/stations/KNXV-TV/Political Files/2018/Non-Candidate Issue Ads/Arizonans for Affordable Electricity,,KNXV-TV
2018,,Non-Candidate Issue Ads,RGA Arizona PAC,/home/andrew/Documents/PredictiveModeling/TV/stations/KNXV-TV/Political Files/2018/Non-Candidate Issue Ads/RGA Arizona PAC,,KNXV-TV
2018,,Non-Candidate Issue Ads,Patriot Majority USA,/home/andrew/Documents/PredictiveModeling/TV/stations/KNXV-TV/Political Files/2018/Non-Candidate Issue Ads/Patriot Majority USA,,KNXV-TV
2018,,Non-Candidate Issue Ads,Save Native American Families - No on Prop 127,/home/andrew/Documents/PredictiveModeling/TV/stations/KNXV-TV/Political Files/2018/Non-Candidate Issue Ads/Save Native American Families - No on Prop 127,,KNXV-TV
2018,,Non-Candidate Issue Ads,Citizens for Fair Tax Policy - GENERAL,/home/andrew/Documents/PredictiveModeling/TV/stations/KNXV-TV/Political Files/2018/Non-Candidate Issue Ads/Citizens for Fair Tax Policy - GENERAL,,KNXV-TV
2018,,Non-Candidate Issue Ads,Republican Governors Association,/home/andrew/Documents/PredictiveModeling/TV/stations/KNXV-TV/Political Files/2018/Non-Candidate Issue Ads/Republican Governors Association,,KNXV-TV
2018,,Non-Candidate Issue Ads,Senate Majority PAC,/home/andrew/Documents/PredictiveModeling/TV/stations/KNXV-TV/Political Files/2018/Non-Candidate Issue Ads/Senate Majority PAC,,KNXV-TV
2018,,Non-Candidate Issue Ads,One Nation AZ,/home/andrew/Documents/PredictiveModeling/TV/stations/KNXV-TV/Political Files/2018/Non-Candidate Issue Ads/One Nation AZ,,KNXV-TV
2018,,Non-Candidate Issue Ads,Majority Forward and Vote Vets Action Plan,/home/andrew/Documents/PredictiveModeling/TV/stations/KNXV-TV/Political Files/2018/Non-Candidate Issue Ads/Majority Forward and Vote Vets Action Plan,,KNXV-TV
2018,,Non-Candidate Issue Ads,Red and Gold,/home/andrew/Documents/PredictiveModeling/TV/stations/KNXV-TV/Political Files/2018/Non-Candidate Issue Ads/Red and Gold,,KNXV-TV
2018,,Non-Candidate Issue Ads,Citizens for Fair Tax Policy - PRIMARY,/home/andrew/Documents/PredictiveModeling/TV/stations/KNXV-TV/Political Files/2018/Non-Candidate Issue Ads/Citizens for Fair Tax Policy - PRIMARY,,KNXV-TV
2018,,Non-Candidate Issue Ads,Arizona Education Association,/home/andrew/Documents/PredictiveModeling/TV/stations/KNXV-TV/Political Files/2018/Non-Candidate Issue Ads/Arizona Education Association,,KNXV-TV
2018,,Non-Candidate Issue Ads,Arizona Republican Party,/home/andrew/Documents/PredictiveModeling/TV/stations/KNXV-TV/Political Files/2018/Non-Candidate Issue Ads/Arizona Republican Party,,KNXV-TV
2018,,Non-Candidate Issue Ads,Majority Forward,/home/andrew/Documents/PredictiveModeling/TV/stations/KNXV-TV/Political Files/2018/Non-Candidate Issue Ads/Majority Forward,,KNXV-TV
2018,,Non-Candidate Issue Ads,DCCC,/home/andrew/Documents/PredictiveModeling/TV/stations/KNXV-TV/Political Files/2018/Non-Candidate Issue Ads/DCCC,,KNXV-TV
2018,,Non-Candidate Issue Ads,Defend Arizona,/home/andrew/Documents/PredictiveModeling/TV/stations/KNXV-TV/Political Files/2018/Non-Candidate Issue Ads/Defend Arizona,,KNXV-TV
2018,,Non-Candidate Issue Ads,DAGA Peoples Lawyers Project,/home/andrew/Documents/PredictiveModeling/TV/stations/KNXV-TV/Political Files/2018/Non-Candidate Issue Ads/DAGA Peoples Lawyers Project,,KNXV-TV
2018,,Non-Candidate Issue Ads,House Majority PAC,/home/andrew/Documents/PredictiveModeling/TV/stations/KNXV-TV/Political Files/2018/Non-Candidate Issue Ads/House Majority PAC,,KNXV-TV
2018,,Non-Candidate Issue Ads,Clean Energy for a Healthy Arizona,/home/andrew/Documents/PredictiveModeling/TV/stations/KNXV-TV/Political Files/2018/Non-Candidate Issue Ads/Clean Energy for a Healthy Arizona,,KNXV-TV
2018,,Non-Candidate Issue Ads,NRSC IE,/home/andrew/Documents/PredictiveModeling/TV/stations/KNXV-TV/Political Files/2018/Non-Candidate Issue Ads/NRSC IE,,KNXV-TV
2018,,Non-Candidate Issue Ads,NRCC IE,/home/andrew/Documents/PredictiveModeling/TV/stations/KNXV-TV/Political Files/2018/Non-Candidate Issue Ads/NRCC IE,,KNXV-TV
2018,,State,Arizona Republican Party Ducey - GENERAL ELECTION,/home/andrew/Documents/PredictiveModeling/TV/stations/KNXV-TV/Political Files/2018/State/Arizona Republican Party Ducey - GENERAL ELECTION,,KNXV-TV
2018,,State,Arizona Democratic Party - Contreras for Attorney General - GENERAL ELECTION,/home/andrew/Documents/PredictiveModeling/TV/stations/KNXV-TV/Political Files/2018/State/Arizona Democratic Party - Contreras for Attorney General - GENERAL ELECTION,,KNXV-TV
2018,,State,Arizona Republican Party - Mark Brnovich for AZ,/home/andrew/Documents/PredictiveModeling/TV/stations/KNXV-TV/Political Files/2018/State/Arizona Republican Party - Mark Brnovich for AZ,,KNXV-TV
2018,,State,Brnovich for Attorney General - GENERAL ELECTION,/home/andrew/Documents/PredictiveModeling/TV/stations/KNXV-TV/Political Files/2018/State/Brnovich for Attorney General - GENERAL ELECTION,,KNXV-TV
2018,,State,Lieberman Democrat State House District 28,/home/andrew/Documents/PredictiveModeling/TV/stations/KNXV-TV/Political Files/2018/State/Lieberman Democrat State House District 28,,KNXV-TV
2018,,State,Hoffman Democrat State Superintendent - GENERAL ELECTION,/home/andrew/Documents/PredictiveModeling/TV/stations/KNXV-TV/Political Files/2018/State/Hoffman Democrat State Superintendent - GENERAL ELECTION,,KNXV-TV
2018,,State,Gaynor for AZ Secretary of State - GENERAL ELECTION,/home/andrew/Documents/PredictiveModeling/TV/stations/KNXV-TV/Political Files/2018/State/Gaynor for AZ Secretary of State - GENERAL ELECTION,,KNXV-TV
2018,,State,Farley for Governor - PRIMARY ELECTION,/home/andrew/Documents/PredictiveModeling/TV/stations/KNXV-TV/Political Files/2018/State/Farley for Governor - PRIMARY ELECTION,,KNXV-TV
2018,,State,Ducey Republican Governor - GENERAL ELECTION,/home/andrew/Documents/PredictiveModeling/TV/stations/KNXV-TV/Political Files/2018/State/Ducey Republican Governor - GENERAL ELECTION,,KNXV-TV
2018,,State,Manoil Democrat State Treasurer - PRIMARY ELECTION,/home/andrew/Documents/PredictiveModeling/TV/stations/KNXV-TV/Political Files/2018/State/Manoil Democrat State Treasurer - PRIMARY ELECTION,,KNXV-TV
2018,,State,Ducey Republican Governor - PRIMARY ELECTION,/home/andrew/Documents/PredictiveModeling/TV/stations/KNXV-TV/Political Files/2018/State/Ducey Republican Governor - PRIMARY ELECTION,,KNXV-TV
2018,,State,Manoil Democrat State Treasurer - GENERAL ELECTION,/home/andrew/Documents/PredictiveModeling/TV/stations/KNXV-TV/Political Files/2018/State/Manoil Democrat State Treasurer - GENERAL ELECTION,,KNXV-TV
2018,,State,Garcia for Governor - GENERAL ELECTION,/home/andrew/Documents/PredictiveModeling/TV/stations/KNXV-TV/Political Files/2018/State/Garcia for Governor - GENERAL ELECTION,,KNXV-TV
2018,,State,Arizona Democratic Party - Hobbs for AZ Secretary of State - GENERAL ELECTION,/home/andrew/Documents/PredictiveModeling/TV/stations/KNXV-TV/Political Files/2018/State/Arizona Democratic Party - Hobbs for AZ Secretary of State - GENERAL ELECTION,,KNXV-TV
2018,,State,Garcia for Governor - PRIMARY ELECTION,/home/andrew/Documents/PredictiveModeling/TV/stations/KNXV-TV/Political Files/2018/State/Garcia for Governor - PRIMARY ELECTION,,KNXV-TV
2018,,State,Gaynor for AZ Secretary of State - PRIMARY ELECTION,/home/andrew/Documents/PredictiveModeling/TV/stations/KNXV-TV/Political Files/2018/State/Gaynor for AZ Secretary of State - PRIMARY ELECTION,,KNXV-TV
2018,,Federal,DSCC-SINEMA FOR ARIZONA,/home/andrew/Documents/PredictiveModeling/TV/stations/KPHO-TV/Political Files/2018/Federal/US Senate/DSCC-SINEMA FOR ARIZONA,,KPHO-TV
2018,,Federal,SINEMA FOR ARIZONA,/home/andrew/Documents/PredictiveModeling/TV/stations/KPHO-TV/Political Files/2018/Federal/US Senate/SINEMA FOR ARIZONA,,KPHO-TV
2018,,Federal,NRSC MCSALLY FOR SENATE,/home/andrew/Documents/PredictiveModeling/TV/stations/KPHO-TV/Political Files/2018/Federal/US Senate/NRSC MCSALLY FOR SENATE,,KPHO-TV
2018,,Federal,MCSALLY FOR SENATE,/home/andrew/Documents/PredictiveModeling/TV/stations/KPHO-TV/Political Files/2018/Federal/US Senate/MCSALLY FOR SENATE,,KPHO-TV
2018,AZ 07,Federal,RUBEN GALLEGO US CONGRESS AZ-07,/home/andrew/Documents/PredictiveModeling/TV/stations/KPHO-TV/Political Files/2018/Federal/US House/AZ 07,,KPHO-TV
2018,AZ 09,Federal,GREG STANTON - US CONGRESS AZ-09,/home/andrew/Documents/PredictiveModeling/TV/stations/KPHO-TV/Political Files/2018/Federal/US House/AZ 09,,KPHO-TV
2018,AZ 09,Federal,STEVE FERRARA - US CONGRESS AS-09,/home/andrew/Documents/PredictiveModeling/TV/stations/KPHO-TV/Political Files/2018/Federal/US House/AZ 09,,KPHO-TV
2018,AZ 01,Federal,TIFFANY SHEDD FOR US CONGRESS AS-1,/home/andrew/Documents/PredictiveModeling/TV/stations/KPHO-TV/Political Files/2018/Federal/US House/AZ 01,,KPHO-TV
2018,AZ 01,Federal,WENDY ROGERS FOR US CONGRESS AZ-1,/home/andrew/Documents/PredictiveModeling/TV/stations/KPHO-TV/Political Files/2018/Federal/US House/AZ 01,,KPHO-TV
2018,AZ 01,Federal,DCCC T OHALLERAN FOR US CONGRESS AZ-1,/home/andrew/Documents/PredictiveModeling/TV/stations/KPHO-TV/Political Files/2018/Federal/US House/AZ 01,,KPHO-TV
2018,AZ 01,Federal,T OHALLERAN FOR US CONGRESS AZ-1,/home/andrew/Documents/PredictiveModeling/TV/stations/KPHO-TV/Political Files/2018/Federal/US House/AZ 01,,KPHO-TV
2018,AZ 08,Federal,DEBBIE LESKO R CONGRESS,/home/andrew/Documents/PredictiveModeling/TV/stations/KPHO-TV/Political Files/2018/Federal/US House/AZ 08,,KPHO-TV
2018,AZ 08,Federal,LESKO FOR CONGRESS-AZ REPUBLICAN PARTY,/home/andrew/Documents/PredictiveModeling/TV/stations/KPHO-TV/Political Files/2018/Federal/US House/AZ 08,,KPHO-TV
2018,AZ 08,Federal,HIRAL TIPIRNENI DCONGRESS,/home/andrew/Documents/PredictiveModeling/TV/stations/KPHO-TV/Political Files/2018/Federal/US House/AZ 08,,KPHO-TV
2018,AZ 08,Federal,DEBBIE LESKO NRCC,/home/andrew/Documents/PredictiveModeling/TV/stations/KPHO-TV/Political Files/2018/Federal/US House/AZ 08,,KPHO-TV
2018,,Non-Candidate Issue Ads,DSCC IE,/home/andrew/Documents/PredictiveModeling/TV/stations/KPHO-TV/Political Files/2018/Non-Candidate Issue Ads/DSCC IE,,KPHO-TV
2018,,Non-Candidate Issue Ads,RGA ARIZONA PAC,/home/andrew/Documents/PredictiveModeling/TV/stations/KPHO-TV/Political Files/2018/Non-Candidate Issue Ads/RGA ARIZONA PAC,,KPHO-TV
2018,,Non-Candidate Issue Ads,MAJORITY FORWARD-VOTE VETS ACTION FUND,/home/andrew/Documents/PredictiveModeling/TV/stations/KPHO-TV/Political Files/2018/Non-Candidate Issue Ads/MAJORITY FORWARD-VOTE VETS ACTION FUND,,KPHO-TV
2018,,Non-Candidate Issue Ads,DEFEND ARIZONA,/home/andrew/Documents/PredictiveModeling/TV/stations/KPHO-TV/Political Files/2018/Non-Candidate Issue Ads/DEFEND ARIZONA,,KPHO-TV
2018,,Non-Candidate Issue Ads,TAX MARCH,/home/andrew/Documents/PredictiveModeling/TV/stations/KPHO-TV/Political Files/2018/Non-Candidate Issue Ads/TAX MARCH,,KPHO-TV
2018,,Non-Candidate Issue Ads,RED AND GOLD,/home/andrew/Documents/PredictiveModeling/TV/stations/KPHO-TV/Political Files/2018/Non-Candidate Issue Ads/RED AND GOLD,,KPHO-TV
2018,,Non-Candidate Issue Ads,WORKING FAMLIES PARTY IC,/home/andrew/Documents/PredictiveModeling/TV/stations/KPHO-TV/Political Files/2018/Non-Candidate Issue Ads/WORKING FAMLIES PARTY IC,,KPHO-TV
2018,,Non-Candidate Issue Ads,PATRIOT MAJORITY USA,/home/andrew/Documents/PredictiveModeling/TV/stations/KPHO-TV/Political Files/2018/Non-Candidate Issue Ads/PATRIOT MAJORITY USA,,KPHO-TV
2018,,Non-Candidate Issue Ads,SENATE MAJORITY PAC,/home/andrew/Documents/PredictiveModeling/TV/stations/KPHO-TV/Political Files/2018/Non-Candidate Issue Ads/SENATE MAJORITY PAC,,KPHO-TV
2018,,Non-Candidate Issue Ads,ARIZONA FOR FREEDOM,/home/andrew/Documents/PredictiveModeling/TV/stations/KPHO-TV/Political Files/2018/Non-Candidate Issue Ads/ARIZONA FOR FREEDOM,,KPHO-TV
2018,,Non-Candidate Issue Ads,ARIZONA EDUCATION PROJECT,/home/andrew/Documents/PredictiveModeling/TV/stations/KPHO-TV/Political Files/2018/Non-Candidate Issue Ads/ARIZONA EDUCATION PROJECT,,KPHO-TV
2018,,Non-Candidate Issue Ads,MAJORITY FORWARD,/home/andrew/Documents/PredictiveModeling/TV/stations/KPHO-TV/Political Files/2018/Non-Candidate Issue Ads/MAJORITY FORWARD,,KPHO-TV
2018,,Non-Candidate Issue Ads,ONE NATION,/home/andrew/Documents/PredictiveModeling/TV/stations/KPHO-TV/Political Files/2018/Non-Candidate Issue Ads/ONE NATION,,KPHO-TV
2018,,Non-Candidate Issue Ads,AFSCME PEOPLE AZ,/home/andrew/Documents/PredictiveModeling/TV/stations/KPHO-TV/Political Files/2018/Non-Candidate Issue Ads/AFSCME PEOPLE AZ,,KPHO-TV
2018,,Non-Candidate Issue Ads,MAJORITY FORWARD VOTE VETS PAC,/home/andrew/Documents/PredictiveModeling/TV/stations/KPHO-TV/Political Files/2018/Non-Candidate Issue Ads/MAJORITY FORWARD VOTE VETS PAC,,KPHO-TV
2018,,Non-Candidate Issue Ads,US CHAMBER OF COMMERCE,/home/andrew/Documents/PredictiveModeling/TV/stations/KPHO-TV/Political Files/2018/Non-Candidate Issue Ads/US CHAMBER OF COMMERCE,,KPHO-TV
2018,,Non-Candidate Issue Ads,DAGA PEOPLES LAWYER PROJECT,/home/andrew/Documents/PredictiveModeling/TV/stations/KPHO-TV/Political Files/2018/Non-Candidate Issue Ads/DAGA PEOPLES LAWYER PROJECT,,KPHO-TV
2018,,Non-Candidate Issue Ads,HOUSE MAJORITY PAC,/home/andrew/Documents/PredictiveModeling/TV/stations/KPHO-TV/Political Files/2018/Non-Candidate Issue Ads/HOUSE MAJORITY PAC,,KPHO-TV
2018,,Non-Candidate Issue Ads,ACLU,/home/andrew/Documents/PredictiveModeling/TV/stations/KPHO-TV/Political Files/2018/Non-Candidate Issue Ads/ACLU,,KPHO-TV
2018,,Non-Candidate Issue Ads,DCCC,/home/andrew/Documents/PredictiveModeling/TV/stations/KPHO-TV/Political Files/2018/Non-Candidate Issue Ads/DCCC,,KPHO-TV
2018,,Non-Candidate Issue Ads,45 COMMITTEE,/home/andrew/Documents/PredictiveModeling/TV/stations/KPHO-TV/Political Files/2018/Non-Candidate Issue Ads/45 COMMITTEE,,KPHO-TV
2018,,Non-Candidate Issue Ads,NRCC-IE,/home/andrew/Documents/PredictiveModeling/TV/stations/KPHO-TV/Political Files/2018/Non-Candidate Issue Ads/NRCC-IE,,KPHO-TV
2018,,Non-Candidate Issue Ads,ARIZONA REPUBLICAN PARTY,/home/andrew/Documents/PredictiveModeling/TV/stations/KPHO-TV/Political Files/2018/Non-Candidate Issue Ads/ARIZONA REPUBLICAN PARTY,,KPHO-TV
2018,,Non-Candidate Issue Ads,NRSC IE,/home/andrew/Documents/PredictiveModeling/TV/stations/KPHO-TV/Political Files/2018/Non-Candidate Issue Ads/NRSC IE,,KPHO-TV
2018,,State,MARK MANOIL FOR AZ TREASURER D,/home/andrew/Documents/PredictiveModeling/TV/stations/KPHO-TV/Political Files/2018/State/MARK MANOIL FOR AZ TREASURER D,,KPHO-TV
2018,,State,DAVID GARCIA FOR GOVERNOR,/home/andrew/Documents/PredictiveModeling/TV/stations/KPHO-TV/Political Files/2018/State/DAVID GARCIA FOR GOVERNOR,,KPHO-TV
2018,,State,D DUCEY AZRP,/home/andrew/Documents/PredictiveModeling/TV/stations/KPHO-TV/Political Files/2018/State/D DUCEY AZRP,,KPHO-TV
2018,,State,KATIE HOBBS SEC OF STATE AZ DEM PARTY,/home/andrew/Documents/PredictiveModeling/TV/stations/KPHO-TV/Political Files/2018/State/KATIE HOBBS SEC OF STATE AZ DEM PARTY,,KPHO-TV
2018,,State,STEVE FARLEY FOR GOVERNOR,/home/andrew/Documents/PredictiveModeling/TV/stations/KPHO-TV/Political Files/2018/State/STEVE FARLEY FOR GOVERNOR,,KPHO-TV
2018,,State,STEVE GAYNOR FOR AZ SECRETARY STATE,/home/andrew/Documents/PredictiveModeling/TV/stations/KPHO-TV/Political Files/2018/State/STEVE GAYNOR FOR AZ SECRETARY STATE,,KPHO-TV
2018,,State,DANIEL VALENZUELA FOR PHOENIX,/home/andrew/Documents/PredictiveModeling/TV/stations/KPHO-TV/Political Files/2018/State/DANIEL VALENZUELA FOR PHOENIX,,KPHO-TV
2018,,State,K GALLEGO FOR PHOENIX MAYOR D,/home/andrew/Documents/PredictiveModeling/TV/stations/KPHO-TV/Political Files/2018/State/K GALLEGO FOR PHOENIX MAYOR D,,KPHO-TV
2018,,State,AZ DEM PARTY JANUARY CONTRERAS FOR AG,/home/andrew/Documents/PredictiveModeling/TV/stations/KPHO-TV/Political Files/2018/State/AZ DEM PARTY JANUARY CONTRERAS FOR AG,,KPHO-TV
2018,,State,AZ REPUBLICAN PARTY FOR MARK BRNOVICH ATT GEN,/home/andrew/Documents/PredictiveModeling/TV/stations/KPHO-TV/Political Files/2018/State/AZ REPUBLICAN PARTY FOR MARK BRNOVICH ATT GEN,,KPHO-TV
2018,,State,AZ DEM ON BEHALF OF KATIE HOBBS AZ SEC OF STATE,/home/andrew/Documents/PredictiveModeling/TV/stations/KPHO-TV/Political Files/2018/State/AZ DEM ON BEHALF OF KATIE HOBBS AZ SEC OF STATE,,KPHO-TV
2018,,State,D DUCEY R GOV AZ,/home/andrew/Documents/PredictiveModeling/TV/stations/KPHO-TV/Political Files/2018/State/D DUCEY R GOV AZ,,KPHO-TV
2018,,State,KATHY HOFFMAN FOR SUPERINTENDENT,/home/andrew/Documents/PredictiveModeling/TV/stations/KPHO-TV/Political Files/2018/State/KATHY HOFFMAN FOR SUPERINTENDENT,,KPHO-TV
2018,,State,MARK BRNOVICH FOR AZ ATTORNEY GENERAL,/home/andrew/Documents/PredictiveModeling/TV/stations/KPHO-TV/Political Files/2018/State/MARK BRNOVICH FOR AZ ATTORNEY GENERAL,,KPHO-TV
2018,,Federal,DSCC - Sinema For Arizona,/home/andrew/Documents/PredictiveModeling/TV/stations/KSAZ-TV/Political Files/2018/Federal/US Senate/DSCC - Sinema For Arizona,,KSAZ-TV
2018,,Federal,Sinema For Arizona,/home/andrew/Documents/PredictiveModeling/TV/stations/KSAZ-TV/Political Files/2018/Federal/US Senate/Sinema For Arizona,,KSAZ-TV
2018,,Federal,NRSC - McSally For US Senate,/home/andrew/Documents/PredictiveModeling/TV/stations/KSAZ-TV/Political Files/2018/Federal/US Senate/NRSC - McSally For US Senate,,KSAZ-TV
2018,,Federal,McSally for US Senate,/home/andrew/Documents/PredictiveModeling/TV/stations/KSAZ-TV/Political Files/2018/Federal/US Senate/McSally for US Senate,,KSAZ-TV
2018,,Federal,DCCC - Tom OHalleran For Congress,/home/andrew/Documents/PredictiveModeling/TV/stations/KSAZ-TV/Political Files/2018/Federal/US House/DCCC - Tom OHalleran For Congress,,KSAZ-TV
2018,,Federal,Ruben Gallego -- Dem - District 7,/home/andrew/Documents/PredictiveModeling/TV/stations/KSAZ-TV/Political Files/2018/Federal/US House/Ruben Gallego -- Dem - District 7,,KSAZ-TV
2018,,Federal,Tiffany Shedd -- Rep - District 1,/home/andrew/Documents/PredictiveModeling/TV/stations/KSAZ-TV/Political Files/2018/Federal/US House/Tiffany Shedd -- Rep - District 1,,KSAZ-TV
2018,,Federal,Greg Stanton -- Dem - District 9,/home/andrew/Documents/PredictiveModeling/TV/stations/KSAZ-TV/Political Files/2018/Federal/US House/Greg Stanton -- Dem - District 9,,KSAZ-TV
2018,,Federal,Tom OHalleran -- Dem - District 1,/home/andrew/Documents/PredictiveModeling/TV/stations/KSAZ-TV/Political Files/2018/Federal/US House/Tom OHalleran -- Dem - District 1,,KSAZ-TV
2018,,Federal,Hiral Tipirneni,/home/andrew/Documents/PredictiveModeling/TV/stations/KSAZ-TV/Political Files/2018/Federal/US House/Hiral Tipirneni,,KSAZ-TV
2018,,Federal,NRCC Lesko For Congress,/home/andrew/Documents/PredictiveModeling/TV/stations/KSAZ-TV/Political Files/2018/Federal/US House/NRCC Lesko For Congress,,KSAZ-TV
2018,,Federal,Wendy Rogers for Congress,/home/andrew/Documents/PredictiveModeling/TV/stations/KSAZ-TV/Political Files/2018/Federal/US House/Wendy Rogers for Congress,,KSAZ-TV
2018,,Federal,Steve Ferrara -- Rep - District 9,/home/andrew/Documents/PredictiveModeling/TV/stations/KSAZ-TV/Political Files/2018/Federal/US House/Steve Ferrara -- Rep - District 9,,KSAZ-TV
2018,,Local,Kate Gallego For Phoenix - Mayor,/home/andrew/Documents/PredictiveModeling/TV/stations/KSAZ-TV/Political Files/2018/Local/Kate Gallego For Phoenix - Mayor,,KSAZ-TV
2018,,Local,Daniel Valenzuela for Phoenix Mayor,/home/andrew/Documents/PredictiveModeling/TV/stations/KSAZ-TV/Political Files/2018/Local/Daniel Valenzuela for Phoenix Mayor,,KSAZ-TV
2018,,Non-Candidate Issue Ads,45 Committee,/home/andrew/Documents/PredictiveModeling/TV/stations/KSAZ-TV/Political Files/2018/Non-Candidate Issue Ads/45 Committee,,KSAZ-TV
2018,,Non-Candidate Issue Ads,Majority Forward  Vote Vets PAC,/home/andrew/Documents/PredictiveModeling/TV/stations/KSAZ-TV/Political Files/2018/Non-Candidate Issue Ads/Majority Forward  Vote Vets PAC,,KSAZ-TV
2018,,Non-Candidate Issue Ads,AFSCME People,/home/andrew/Documents/PredictiveModeling/TV/stations/KSAZ-TV/Political Files/2018/Non-Candidate Issue Ads/AFSCME People,,KSAZ-TV
2018,,Non-Candidate Issue Ads,TAX MARCH,/home/andrew/Documents/PredictiveModeling/TV/stations/KSAZ-TV/Political Files/2018/Non-Candidate Issue Ads/TAX MARCH,,KSAZ-TV
2018,,Non-Candidate Issue Ads,US Chamber of Commerce,/home/andrew/Documents/PredictiveModeling/TV/stations/KSAZ-TV/Political Files/2018/Non-Candidate Issue Ads/US Chamber of Commerce,,KSAZ-TV
2018,,Non-Candidate Issue Ads,Arizona Republican Party -  AZGOP,/home/andrew/Documents/PredictiveModeling/TV/stations/KSAZ-TV/Political Files/2018/Non-Candidate Issue Ads/Arizona Republican Party -  AZGOP,,KSAZ-TV
2018,,Non-Candidate Issue Ads,Tom Steyer Issue Campaign,/home/andrew/Documents/PredictiveModeling/TV/stations/KSAZ-TV/Political Files/2018/Non-Candidate Issue Ads/Tom Steyer Issue Campaign,,KSAZ-TV
2018,,Non-Candidate Issue Ads,PATRIOT MAJORITY USA,/home/andrew/Documents/PredictiveModeling/TV/stations/KSAZ-TV/Political Files/2018/Non-Candidate Issue Ads/PATRIOT MAJORITY USA,,KSAZ-TV
2018,,Non-Candidate Issue Ads,Working Families Party IE Committee,/home/andrew/Documents/PredictiveModeling/TV/stations/KSAZ-TV/Political Files/2018/Non-Candidate Issue Ads/Working Families Party IE Committee,,KSAZ-TV
2018,,Non-Candidate Issue Ads,Arizona Education Project,/home/andrew/Documents/PredictiveModeling/TV/stations/KSAZ-TV/Political Files/2018/Non-Candidate Issue Ads/Arizona Education Project,,KSAZ-TV
2018,,Non-Candidate Issue Ads,DAGA Peoples Lawyer Project,/home/andrew/Documents/PredictiveModeling/TV/stations/KSAZ-TV/Political Files/2018/Non-Candidate Issue Ads/DAGA Peoples Lawyer Project,,KSAZ-TV
2018,,Non-Candidate Issue Ads,NRSC-IE,/home/andrew/Documents/PredictiveModeling/TV/stations/KSAZ-TV/Political Files/2018/Non-Candidate Issue Ads/NRSC-IE,,KSAZ-TV
2018,,Non-Candidate Issue Ads,Clean Energy For A Hlthy AZ,/home/andrew/Documents/PredictiveModeling/TV/stations/KSAZ-TV/Political Files/2018/Non-Candidate Issue Ads/Clean Energy For A Hlthy AZ,,KSAZ-TV
2018,,Non-Candidate Issue Ads,One Nation,/home/andrew/Documents/PredictiveModeling/TV/stations/KSAZ-TV/Political Files/2018/Non-Candidate Issue Ads/One Nation,,KSAZ-TV
2018,,Non-Candidate Issue Ads,Red and Gold,/home/andrew/Documents/PredictiveModeling/TV/stations/KSAZ-TV/Political Files/2018/Non-Candidate Issue Ads/Red and Gold,,KSAZ-TV
2018,,Non-Candidate Issue Ads,Arizona For Freedom,/home/andrew/Documents/PredictiveModeling/TV/stations/KSAZ-TV/Political Files/2018/Non-Candidate Issue Ads/Arizona For Freedom,,KSAZ-TV
2018,,Non-Candidate Issue Ads,NRSC,/home/andrew/Documents/PredictiveModeling/TV/stations/KSAZ-TV/Political Files/2018/Non-Candidate Issue Ads/NRSC,,KSAZ-TV
2018,,Non-Candidate Issue Ads,RGA - Republican Governors Association,/home/andrew/Documents/PredictiveModeling/TV/stations/KSAZ-TV/Political Files/2018/Non-Candidate Issue Ads/RGA - Republican Governors Association,,KSAZ-TV
2018,,Non-Candidate Issue Ads,Arizona Education Association,/home/andrew/Documents/PredictiveModeling/TV/stations/KSAZ-TV/Political Files/2018/Non-Candidate Issue Ads/Arizona Education Association,,KSAZ-TV
2018,,Non-Candidate Issue Ads,Arizonans For Affordable Electricity,/home/andrew/Documents/PredictiveModeling/TV/stations/KSAZ-TV/Political Files/2018/Non-Candidate Issue Ads/Arizonans For Affordable Electricity,,KSAZ-TV
2018,,Non-Candidate Issue Ads,Vote Vets Action Fund - Majority Forward,/home/andrew/Documents/PredictiveModeling/TV/stations/KSAZ-TV/Political Files/2018/Non-Candidate Issue Ads/Vote Vets Action Fund - Majority Forward,,KSAZ-TV
2018,,Non-Candidate Issue Ads,Majority Forward,/home/andrew/Documents/PredictiveModeling/TV/stations/KSAZ-TV/Political Files/2018/Non-Candidate Issue Ads/Majority Forward,,KSAZ-TV
2018,,Non-Candidate Issue Ads,Citizens for Fair Tax Policy,/home/andrew/Documents/PredictiveModeling/TV/stations/KSAZ-TV/Political Files/2018/Non-Candidate Issue Ads/Citizens for Fair Tax Policy,,KSAZ-TV
2018,,Non-Candidate Issue Ads,DCCC,/home/andrew/Documents/PredictiveModeling/TV/stations/KSAZ-TV/Political Files/2018/Non-Candidate Issue Ads/DCCC,,KSAZ-TV
2018,,Non-Candidate Issue Ads,Defend Arizona,/home/andrew/Documents/PredictiveModeling/TV/stations/KSAZ-TV/Political Files/2018/Non-Candidate Issue Ads/Defend Arizona,,KSAZ-TV
2018,,Non-Candidate Issue Ads,House Majority PAC,/home/andrew/Documents/PredictiveModeling/TV/stations/KSAZ-TV/Political Files/2018/Non-Candidate Issue Ads/House Majority PAC,,KSAZ-TV
2018,,Non-Candidate Issue Ads,DSCC,/home/andrew/Documents/PredictiveModeling/TV/stations/KSAZ-TV/Political Files/2018/Non-Candidate Issue Ads/DSCC,,KSAZ-TV
2018,,Non-Candidate Issue Ads,NRCC-IE,/home/andrew/Documents/PredictiveModeling/TV/stations/KSAZ-TV/Political Files/2018/Non-Candidate Issue Ads/NRCC-IE,,KSAZ-TV
2018,,State,Steve Gaynor for AZ SOS,/home/andrew/Documents/PredictiveModeling/TV/stations/KSAZ-TV/Political Files/2018/State/Steve Gaynor for AZ SOS,,KSAZ-TV
2018,,State,Kate Gallego for Phoenix Mayor,/home/andrew/Documents/PredictiveModeling/TV/stations/KSAZ-TV/Political Files/2018/State/Kate Gallego for Phoenix Mayor,,KSAZ-TV
2018,,State,Doug Ducey for Governor,/home/andrew/Documents/PredictiveModeling/TV/stations/KSAZ-TV/Political Files/2018/State/Doug Ducey for Governor,,KSAZ-TV
2018,,State,David Garcia for Governor,/home/andrew/Documents/PredictiveModeling/TV/stations/KSAZ-TV/Political Files/2018/State/David Garcia for Governor,,KSAZ-TV
2018,,State,AZ Republican Prty - D Ducey For Governor,/home/andrew/Documents/PredictiveModeling/TV/stations/KSAZ-TV/Political Files/2018/State/AZ Republican Prty - D Ducey For Governor,,KSAZ-TV
2018,,State,Kathy Hoffman for Superintendent of Public Education,/home/andrew/Documents/PredictiveModeling/TV/stations/KSAZ-TV/Political Files/2018/State/Kathy Hoffman for Superintendent of Public Education,,KSAZ-TV
2018,,State,Mark Brnovich for Attorney General,/home/andrew/Documents/PredictiveModeling/TV/stations/KSAZ-TV/Political Files/2018/State/Mark Brnovich for Attorney General,,KSAZ-TV
2018,,State,AZ Republican party - Mark Brnovich for Attorney General,/home/andrew/Documents/PredictiveModeling/TV/stations/KSAZ-TV/Political Files/2018/State/AZ Republican party - Mark Brnovich for Attorney General,,KSAZ-TV
2018,,State,Katie Hobbs for Secretary of State,/home/andrew/Documents/PredictiveModeling/TV/stations/KSAZ-TV/Political Files/2018/State/Katie Hobbs for Secretary of State,,KSAZ-TV
2018,,State,AZ Democratic Prty Behalf of K Hobbs,/home/andrew/Documents/PredictiveModeling/TV/stations/KSAZ-TV/Political Files/2018/State/AZ Democratic Prty Behalf of K Hobbs,,KSAZ-TV
2018,,State,CHISPA AZ PAC,/home/andrew/Documents/PredictiveModeling/TV/stations/KSAZ-TV/Political Files/2018/State/CHISPA AZ PAC,,KSAZ-TV
2018,,State,Steve Farley for Governor,/home/andrew/Documents/PredictiveModeling/TV/stations/KSAZ-TV/Political Files/2018/State/Steve Farley for Governor,,KSAZ-TV
2018,,State,AZ Dem Party auth January for AG,/home/andrew/Documents/PredictiveModeling/TV/stations/KSAZ-TV/Political Files/2018/State/AZ Dem Party auth January for AG,,KSAZ-TV
2018,,Federal,SINEMA,/home/andrew/Documents/PredictiveModeling/TV/stations/KTAZ/Political Files/2018/Federal/US Senate/SINEMA,,KTAZ
2018,,Non-Candidate Issue Ads,PFAW,/home/andrew/Documents/PredictiveModeling/TV/stations/KTAZ/Political Files/2018/Non-Candidate Issue Ads/PFAW,,KTAZ
2018,,Non-Candidate Issue Ads,INVEST IN EDUCATION COMMITTEE,/home/andrew/Documents/PredictiveModeling/TV/stations/KTAZ/Political Files/2018/Non-Candidate Issue Ads/INVEST IN EDUCATION COMMITTEE,,KTAZ
2018,,Non-Candidate Issue Ads,LATINO VOTE,/home/andrew/Documents/PredictiveModeling/TV/stations/KTAZ/Political Files/2018/Non-Candidate Issue Ads/LATINO VOTE,,KTAZ
2018,,Non-Candidate Issue Ads,WOMEN VOTE,/home/andrew/Documents/PredictiveModeling/TV/stations/KTAZ/Political Files/2018/Non-Candidate Issue Ads/WOMEN VOTE,,KTAZ
2018,,Non-Candidate Issue Ads,AZ EDUCATION ASSOCIATION,/home/andrew/Documents/PredictiveModeling/TV/stations/KTAZ/Political Files/2018/Non-Candidate Issue Ads/AZ EDUCATION ASSOCIATION,,KTAZ
2018,,Non-Candidate Issue Ads,ACLU,/home/andrew/Documents/PredictiveModeling/TV/stations/KTAZ/Political Files/2018/Non-Candidate Issue Ads/ACLU,,KTAZ
2018,,State,DOUG DUCEY,/home/andrew/Documents/PredictiveModeling/TV/stations/KTAZ/Political Files/2018/State/DOUG DUCEY,,KTAZ
2018,,State,DAVID GARCIA,/home/andrew/Documents/PredictiveModeling/TV/stations/KTAZ/Political Files/2018/State/DAVID GARCIA,,KTAZ
2018,,Federal,DSCC SINEMA FOR ARIZONA,/home/andrew/Documents/PredictiveModeling/TV/stations/KTVK/Political Files/2018/Federal/US Senate/DSCC SINEMA FOR ARIZONA,,KTVK
2018,,Federal,MCSALLY FOR US SENATE,/home/andrew/Documents/PredictiveModeling/TV/stations/KTVK/Political Files/2018/Federal/US Senate/MCSALLY FOR US SENATE,,KTVK
2018,,Federal,SINEMA FOR ARIZONA,/home/andrew/Documents/PredictiveModeling/TV/stations/KTVK/Political Files/2018/Federal/US Senate/SINEMA FOR ARIZONA,,KTVK
2018,,Federal,NRSC MCSALLY FOR US SENATE,/home/andrew/Documents/PredictiveModeling/TV/stations/KTVK/Political Files/2018/Federal/US Senate/NRSC MCSALLY FOR US SENATE,,KTVK
2018,AZ 07,Federal,RUBEN GALLEGO US CONGRESS AZ-07,/home/andrew/Documents/PredictiveModeling/TV/stations/KTVK/Political Files/2018/Federal/US House/AZ 07,,KTVK
2018,AZ 09,Federal,GREG STANTON D CONGRESS AZ 09,/home/andrew/Documents/PredictiveModeling/TV/stations/KTVK/Political Files/2018/Federal/US House/AZ 09,,KTVK
2018,AZ 09,Federal,STEVE FERRARA FOR CONGRESS AZ 09,/home/andrew/Documents/PredictiveModeling/TV/stations/KTVK/Political Files/2018/Federal/US House/AZ 09,,KTVK
2018,AZ 01,Federal,TIFFANY SHEDD FOR CONGRESS R AZ 01,/home/andrew/Documents/PredictiveModeling/TV/stations/KTVK/Political Files/2018/Federal/US House/AZ 01,,KTVK
2018,AZ 01,Federal,DCCC T OHALLERAN FOR US CONGRESS AZ-1,/home/andrew/Documents/PredictiveModeling/TV/stations/KTVK/Political Files/2018/Federal/US House/AZ 01,,KTVK
2018,AZ 01,Federal,WENDY ROGERS FOR US CONGRESS AZ 01,/home/andrew/Documents/PredictiveModeling/TV/stations/KTVK/Political Files/2018/Federal/US House/AZ 01,,KTVK
2018,AZ 01,Federal,TOM OHALLERAN FOR CONGRESS D AZ 01,/home/andrew/Documents/PredictiveModeling/TV/stations/KTVK/Political Files/2018/Federal/US House/AZ 01,,KTVK
2018,AZ 08,Federal,D LESKO R CONGRESS,/home/andrew/Documents/PredictiveModeling/TV/stations/KTVK/Political Files/2018/Federal/US House/AZ 08,,KTVK
2018,AZ 08,Federal,D LESKO NRCC R CONGRESS,/home/andrew/Documents/PredictiveModeling/TV/stations/KTVK/Political Files/2018/Federal/US House/AZ 08,,KTVK
2018,AZ 08,Federal,LESKO FOR CONGRESS - AZ REPUBLICAN PARTY,/home/andrew/Documents/PredictiveModeling/TV/stations/KTVK/Political Files/2018/Federal/US House/AZ 08,,KTVK
2018,AZ 08,Federal,HIRAL TIPRNENI DCONGRESS,/home/andrew/Documents/PredictiveModeling/TV/stations/KTVK/Political Files/2018/Federal/US House/AZ 08,,KTVK
2018,,Non-Candidate Issue Ads,NRCC - AZ 08,/home/andrew/Documents/PredictiveModeling/TV/stations/KTVK/Political Files/2018/Non-Candidate Issue Ads/NRCC - AZ 08,,KTVK
2018,,Non-Candidate Issue Ads,WORKING FAMILIES,/home/andrew/Documents/PredictiveModeling/TV/stations/KTVK/Political Files/2018/Non-Candidate Issue Ads/WORKING FAMILIES,,KTVK
2018,,Non-Candidate Issue Ads,DEFEND ARIZONA,/home/andrew/Documents/PredictiveModeling/TV/stations/KTVK/Political Files/2018/Non-Candidate Issue Ads/DEFEND ARIZONA,,KTVK
2018,,Non-Candidate Issue Ads,TAX MARCH,/home/andrew/Documents/PredictiveModeling/TV/stations/KTVK/Political Files/2018/Non-Candidate Issue Ads/TAX MARCH,,KTVK
2018,,Non-Candidate Issue Ads,RED AND GOLD,/home/andrew/Documents/PredictiveModeling/TV/stations/KTVK/Political Files/2018/Non-Candidate Issue Ads/RED AND GOLD,,KTVK
2018,,Non-Candidate Issue Ads,VOTE VETS ACTION FUND - MAJORITY FORWARD,/home/andrew/Documents/PredictiveModeling/TV/stations/KTVK/Political Files/2018/Non-Candidate Issue Ads/VOTE VETS ACTION FUND - MAJORITY FORWARD,,KTVK
2018,,Non-Candidate Issue Ads,PATRIOT MAJORITY USA,/home/andrew/Documents/PredictiveModeling/TV/stations/KTVK/Political Files/2018/Non-Candidate Issue Ads/PATRIOT MAJORITY USA,,KTVK
2018,,Non-Candidate Issue Ads,MAJORITY FORWARD,/home/andrew/Documents/PredictiveModeling/TV/stations/KTVK/Political Files/2018/Non-Candidate Issue Ads/MAJORITY FORWARD,,KTVK
2018,,Non-Candidate Issue Ads,ONE NATION,/home/andrew/Documents/PredictiveModeling/TV/stations/KTVK/Political Files/2018/Non-Candidate Issue Ads/ONE NATION,,KTVK
2018,,Non-Candidate Issue Ads,RGA AZ PAC,/home/andrew/Documents/PredictiveModeling/TV/stations/KTVK/Political Files/2018/Non-Candidate Issue Ads/RGA AZ PAC,,KTVK
2018,,Non-Candidate Issue Ads,AZ REPUBLICAN PARTY,/home/andrew/Documents/PredictiveModeling/TV/stations/KTVK/Political Files/2018/Non-Candidate Issue Ads/AZ REPUBLICAN PARTY,,KTVK
2018,,Non-Candidate Issue Ads,AZ EDUCATION PROJECT,/home/andrew/Documents/PredictiveModeling/TV/stations/KTVK/Political Files/2018/Non-Candidate Issue Ads/AZ EDUCATION PROJECT,,KTVK
2018,,Non-Candidate Issue Ads,MAJORITY FORWARD VOTE VETS PAC,/home/andrew/Documents/PredictiveModeling/TV/stations/KTVK/Political Files/2018/Non-Candidate Issue Ads/MAJORITY FORWARD VOTE VETS PAC,,KTVK
2018,,Non-Candidate Issue Ads,US CHAMBER OF COMMERCE,/home/andrew/Documents/PredictiveModeling/TV/stations/KTVK/Political Files/2018/Non-Candidate Issue Ads/US CHAMBER OF COMMERCE,,KTVK
2018,,Non-Candidate Issue Ads,DSCC-IE,/home/andrew/Documents/PredictiveModeling/TV/stations/KTVK/Political Files/2018/Non-Candidate Issue Ads/DSCC-IE,,KTVK
2018,,Non-Candidate Issue Ads,NRSC,/home/andrew/Documents/PredictiveModeling/TV/stations/KTVK/Political Files/2018/Non-Candidate Issue Ads/NRSC,,KTVK
2018,,Non-Candidate Issue Ads,AFSCME PEOPLE,/home/andrew/Documents/PredictiveModeling/TV/stations/KTVK/Political Files/2018/Non-Candidate Issue Ads/AFSCME PEOPLE,,KTVK
2018,,Non-Candidate Issue Ads,AZ FOR FREEDOM,/home/andrew/Documents/PredictiveModeling/TV/stations/KTVK/Political Files/2018/Non-Candidate Issue Ads/AZ FOR FREEDOM,,KTVK
2018,,Non-Candidate Issue Ads,HOUSE MAJORITY PAC,/home/andrew/Documents/PredictiveModeling/TV/stations/KTVK/Political Files/2018/Non-Candidate Issue Ads/HOUSE MAJORITY PAC,,KTVK
2018,,Non-Candidate Issue Ads,DCCC,/home/andrew/Documents/PredictiveModeling/TV/stations/KTVK/Political Files/2018/Non-Candidate Issue Ads/DCCC,,KTVK
2018,,Non-Candidate Issue Ads,NRSC IE,/home/andrew/Documents/PredictiveModeling/TV/stations/KTVK/Political Files/2018/Non-Candidate Issue Ads/NRSC IE,,KTVK
2018,,State,KATE GALLEGO FOR PHOENIX MAYOR,/home/andrew/Documents/PredictiveModeling/TV/stations/KTVK/Political Files/2018/State/KATE GALLEGO FOR PHOENIX MAYOR,,KTVK
2018,,State,AZ DEMS ON BEHALF OF KATIE HOBBS,/home/andrew/Documents/PredictiveModeling/TV/stations/KTVK/Political Files/2018/State/AZ DEMS ON BEHALF OF KATIE HOBBS,,KTVK
2018,,State,D DUCEY AZRP,/home/andrew/Documents/PredictiveModeling/TV/stations/KTVK/Political Files/2018/State/D DUCEY AZRP,,KTVK
2018,,State,MARK MANOIL D  AZ STATE TREASURER,/home/andrew/Documents/PredictiveModeling/TV/stations/KTVK/Political Files/2018/State/MARK MANOIL D  AZ STATE TREASURER,,KTVK
2018,,State,KATIE HOBBS SEC OF STATE AZ DEM PARTY,/home/andrew/Documents/PredictiveModeling/TV/stations/KTVK/Political Files/2018/State/KATIE HOBBS SEC OF STATE AZ DEM PARTY,,KTVK
2018,,State,STEVE GAYNOR FOR AZ SEC OF STATE,/home/andrew/Documents/PredictiveModeling/TV/stations/KTVK/Political Files/2018/State/STEVE GAYNOR FOR AZ SEC OF STATE,,KTVK
2018,,State,AZ REP PARTY FOR MARCK BRNOVICH ATY GENERAL,/home/andrew/Documents/PredictiveModeling/TV/stations/KTVK/Political Files/2018/State/AZ REP PARTY FOR MARCK BRNOVICH ATY GENERAL,,KTVK
2018,,State,DAVID GARCIA D GOV AZ,/home/andrew/Documents/PredictiveModeling/TV/stations/KTVK/Political Files/2018/State/DAVID GARCIA D GOV AZ,,KTVK
2018,,State,DAVID VALENZUELA FOR PHX MAYOR,/home/andrew/Documents/PredictiveModeling/TV/stations/KTVK/Political Files/2018/State/DAVID VALENZUELA FOR PHX MAYOR,,KTVK
2018,,State,AZ DEM PARTY JANUARY CONTRERAS,/home/andrew/Documents/PredictiveModeling/TV/stations/KTVK/Political Files/2018/State/AZ DEM PARTY JANUARY CONTRERAS,,KTVK
2018,,State,MARK BRNOVICH R ATTORNEY GENERAL,/home/andrew/Documents/PredictiveModeling/TV/stations/KTVK/Political Files/2018/State/MARK BRNOVICH R ATTORNEY GENERAL,,KTVK
2018,,State,STEVE FARLEY D GOV AZ,/home/andrew/Documents/PredictiveModeling/TV/stations/KTVK/Political Files/2018/State/STEVE FARLEY D GOV AZ,,KTVK
2018,,State,D DUCEY R GOV AZ,/home/andrew/Documents/PredictiveModeling/TV/stations/KTVK/Political Files/2018/State/D DUCEY R GOV AZ,,KTVK
2018,,State,KATHY HOFFMAN STATE SUPERINTENDENT OF PUBLIC INSTRUCTION,/home/andrew/Documents/PredictiveModeling/TV/stations/KTVK/Political Files/2018/State/KATHY HOFFMAN STATE SUPERINTENDENT OF PUBLIC INSTRUCTION,,KTVK
2018,,Federal,American Civil Liberties Union Inc - ACLU AZ,/home/andrew/Documents/PredictiveModeling/TV/stations/KTVW-DT/Political Files/2018/Federal/US Senate/American Civil Liberties Union Inc - ACLU AZ,,KTVW-DT
2018,,Federal,Sinema for Arizona - US Senate,/home/andrew/Documents/PredictiveModeling/TV/stations/KTVW-DT/Political Files/2018/Federal/US Senate/Sinema for Arizona - US Senate,,KTVW-DT
2018,,Non-Candidate Issue Ads,cult Insights- Mi Familia Vota,/home/andrew/Documents/PredictiveModeling/TV/stations/KTVW-DT/Political Files/2018/Non-Candidate Issue Ads/cult Insights- Mi Familia Vota,,KTVW-DT
2018,,Non-Candidate Issue Ads,Tom Steyer- Impeach Trump,/home/andrew/Documents/PredictiveModeling/TV/stations/KTVW-DT/Political Files/2018/Non-Candidate Issue Ads/Tom Steyer- Impeach Trump,,KTVW-DT
2018,,Non-Candidate Issue Ads,KTVW Latino Vote,/home/andrew/Documents/PredictiveModeling/TV/stations/KTVW-DT/Political Files/2018/Non-Candidate Issue Ads/KTVW Latino Vote,,KTVW-DT
2018,,Non-Candidate Issue Ads,People for the American Way -KTVW,/home/andrew/Documents/PredictiveModeling/TV/stations/KTVW-DT/Political Files/2018/Non-Candidate Issue Ads/People for the American Way -KTVW,,KTVW-DT
2018,,State,Women Vote,/home/andrew/Documents/PredictiveModeling/TV/stations/KTVW-DT/Political Files/2018/State/Women Vote,,KTVW-DT
2018,,State,KTVW AZ Education Assoc-Teacher Walkout,/home/andrew/Documents/PredictiveModeling/TV/stations/KTVW-DT/Political Files/2018/State/KTVW AZ Education Assoc-Teacher Walkout,,KTVW-DT
2018,,State,KTVW  David Garcia for AZ GOV of AZ,/home/andrew/Documents/PredictiveModeling/TV/stations/KTVW-DT/Political Files/2018/State/KTVW  David Garcia for AZ GOV of AZ,,KTVW-DT
2018,,State,KTVW Doug Ducey for GOV of AZ  2018,/home/andrew/Documents/PredictiveModeling/TV/stations/KTVW-DT/Political Files/2018/State/KTVW Doug Ducey for GOV of AZ  2018,,KTVW-DT
2018,,State,KTVW- Sears for AZ,/home/andrew/Documents/PredictiveModeling/TV/stations/KTVW-DT/Political Files/2018/State/KTVW- Sears for AZ,,KTVW-DT
2018,,Federal,DSCC - Sinema For Arizona,/home/andrew/Documents/PredictiveModeling/TV/stations/KUTP/Political Files/2018/Federal/US Senate/DSCC - Sinema For Arizona,,KUTP
2018,,Federal,Sinema For Arizona,/home/andrew/Documents/PredictiveModeling/TV/stations/KUTP/Political Files/2018/Federal/US Senate/Sinema For Arizona,,KUTP
2018,,Federal,McSally for US Senate,/home/andrew/Documents/PredictiveModeling/TV/stations/KUTP/Political Files/2018/Federal/US Senate/McSally for US Senate,,KUTP
2018,,Federal,DCCC - Tom OHalleran For Congress,/home/andrew/Documents/PredictiveModeling/TV/stations/KUTP/Political Files/2018/Federal/US House/DCCC - Tom OHalleran For Congress,,KUTP
2018,,Federal,Stanton For Congress,/home/andrew/Documents/PredictiveModeling/TV/stations/KUTP/Political Files/2018/Federal/US House/Stanton For Congress,,KUTP
2018,,Federal,Hiral Tipirneni,/home/andrew/Documents/PredictiveModeling/TV/stations/KUTP/Political Files/2018/Federal/US House/Hiral Tipirneni,,KUTP
2018,,Federal,Tom OHalleran for Congress,/home/andrew/Documents/PredictiveModeling/TV/stations/KUTP/Political Files/2018/Federal/US House/Tom OHalleran for Congress,,KUTP
2018,,Federal,NRCC - Lesko For Congress,/home/andrew/Documents/PredictiveModeling/TV/stations/KUTP/Political Files/2018/Federal/US House/NRCC - Lesko For Congress,,KUTP
2018,,Non-Candidate Issue Ads,45 Committee,/home/andrew/Documents/PredictiveModeling/TV/stations/KUTP/Political Files/2018/Non-Candidate Issue Ads/45 Committee,,KUTP
2018,,Non-Candidate Issue Ads,Majority Forward  Vote Vets PAC,/home/andrew/Documents/PredictiveModeling/TV/stations/KUTP/Political Files/2018/Non-Candidate Issue Ads/Majority Forward  Vote Vets PAC,,KUTP
2018,,Non-Candidate Issue Ads,AFSCME People,/home/andrew/Documents/PredictiveModeling/TV/stations/KUTP/Political Files/2018/Non-Candidate Issue Ads/AFSCME People,,KUTP
2018,,Non-Candidate Issue Ads,Tax March,/home/andrew/Documents/PredictiveModeling/TV/stations/KUTP/Political Files/2018/Non-Candidate Issue Ads/Tax March,,KUTP
2018,,Non-Candidate Issue Ads,US Chamber of Commerce,/home/andrew/Documents/PredictiveModeling/TV/stations/KUTP/Political Files/2018/Non-Candidate Issue Ads/US Chamber of Commerce,,KUTP
2018,,Non-Candidate Issue Ads,Patriot Majority USA,/home/andrew/Documents/PredictiveModeling/TV/stations/KUTP/Political Files/2018/Non-Candidate Issue Ads/Patriot Majority USA,,KUTP
2018,,Non-Candidate Issue Ads,NRSC-IE,/home/andrew/Documents/PredictiveModeling/TV/stations/KUTP/Political Files/2018/Non-Candidate Issue Ads/NRSC-IE,,KUTP
2018,,Non-Candidate Issue Ads,One Nation,/home/andrew/Documents/PredictiveModeling/TV/stations/KUTP/Political Files/2018/Non-Candidate Issue Ads/One Nation,,KUTP
2018,,Non-Candidate Issue Ads,Red and Gold,/home/andrew/Documents/PredictiveModeling/TV/stations/KUTP/Political Files/2018/Non-Candidate Issue Ads/Red and Gold,,KUTP
2018,,Non-Candidate Issue Ads,Arizona For Freedom,/home/andrew/Documents/PredictiveModeling/TV/stations/KUTP/Political Files/2018/Non-Candidate Issue Ads/Arizona For Freedom,,KUTP
2018,,Non-Candidate Issue Ads,Vote Vets - Majority Forward,/home/andrew/Documents/PredictiveModeling/TV/stations/KUTP/Political Files/2018/Non-Candidate Issue Ads/Vote Vets - Majority Forward,,KUTP
2018,,Non-Candidate Issue Ads,Arizona Education Association,/home/andrew/Documents/PredictiveModeling/TV/stations/KUTP/Political Files/2018/Non-Candidate Issue Ads/Arizona Education Association,,KUTP
2018,,Non-Candidate Issue Ads,Arizonans For Affordable Electricity,/home/andrew/Documents/PredictiveModeling/TV/stations/KUTP/Political Files/2018/Non-Candidate Issue Ads/Arizonans For Affordable Electricity,,KUTP
2018,,Non-Candidate Issue Ads,Majority Forward,/home/andrew/Documents/PredictiveModeling/TV/stations/KUTP/Political Files/2018/Non-Candidate Issue Ads/Majority Forward,,KUTP
2018,,Non-Candidate Issue Ads,DCCC,/home/andrew/Documents/PredictiveModeling/TV/stations/KUTP/Political Files/2018/Non-Candidate Issue Ads/DCCC,,KUTP
2018,,Non-Candidate Issue Ads,Defend Arizona,/home/andrew/Documents/PredictiveModeling/TV/stations/KUTP/Political Files/2018/Non-Candidate Issue Ads/Defend Arizona,,KUTP
2018,,Non-Candidate Issue Ads,House Majority PAC,/home/andrew/Documents/PredictiveModeling/TV/stations/KUTP/Political Files/2018/Non-Candidate Issue Ads/House Majority PAC,,KUTP
2018,,Non-Candidate Issue Ads,Arizona Republican Party - AZGOP,/home/andrew/Documents/PredictiveModeling/TV/stations/KUTP/Political Files/2018/Non-Candidate Issue Ads/Arizona Republican Party - AZGOP,,KUTP
2018,,Non-Candidate Issue Ads,DSCC,/home/andrew/Documents/PredictiveModeling/TV/stations/KUTP/Political Files/2018/Non-Candidate Issue Ads/DSCC,,KUTP
2018,,State,Steve Gaynor for AZ SOS,/home/andrew/Documents/PredictiveModeling/TV/stations/KUTP/Political Files/2018/State/Steve Gaynor for AZ SOS,,KUTP
2018,,State,David Garcia for Governor,/home/andrew/Documents/PredictiveModeling/TV/stations/KUTP/Political Files/2018/State/David Garcia for Governor,,KUTP
2018,,State,Katie Hobbs For SOS,/home/andrew/Documents/PredictiveModeling/TV/stations/KUTP/Political Files/2018/State/Katie Hobbs For SOS,,KUTP
2018,,State,Doug Ducey For Governor,/home/andrew/Documents/PredictiveModeling/TV/stations/KUTP/Political Files/2018/State/Doug Ducey For Governor,,KUTP
2018,,State,Arizona Republican Prty - D Ducey For Governor,/home/andrew/Documents/PredictiveModeling/TV/stations/KUTP/Political Files/2018/State/Arizona Republican Prty - D Ducey For Governor,,KUTP
2018,,State,AZ Democratic Party - January for AG,/home/andrew/Documents/PredictiveModeling/TV/stations/KUTP/Political Files/2018/State/AZ Democratic Party - January for AG,,KUTP
2018,,State,CHISPA AZ PAC,/home/andrew/Documents/PredictiveModeling/TV/stations/KUTP/Political Files/2018/State/CHISPA AZ PAC,,KUTP
2018,,State,Steve Farley for Governor,/home/andrew/Documents/PredictiveModeling/TV/stations/KUTP/Political Files/2018/State/Steve Farley for Governor,,KUTP
2018,,Federal,DSCC - Kyrsten Sinema,/home/andrew/Documents/PredictiveModeling/TV/stations/KAZT-TV/Political Files/2018/Federal/US Senate/DSCC - Kyrsten Sinema,,KAZT-TV
2018,,Federal,Kyrsten Sinema,/home/andrew/Documents/PredictiveModeling/TV/stations/KAZT-TV/Political Files/2018/Federal/US Senate/Kyrsten Sinema,,KAZT-TV
2018,,Federal,McSally for Senate,/home/andrew/Documents/PredictiveModeling/TV/stations/KAZT-TV/Political Files/2018/Federal/US Senate/McSally for Senate,,KAZT-TV
2018,,Federal,Andy Biggs,/home/andrew/Documents/PredictiveModeling/TV/stations/KAZT-TV/Political Files/2018/Federal/US House/Andy Biggs,,KAZT-TV
2018,,Federal,Hiral Tipirneni,/home/andrew/Documents/PredictiveModeling/TV/stations/KAZT-TV/Political Files/2018/Federal/US House/Hiral Tipirneni,,KAZT-TV
2018,,Federal,Tom OHalleran,/home/andrew/Documents/PredictiveModeling/TV/stations/KAZT-TV/Political Files/2018/Federal/US House/Tom OHalleran,,KAZT-TV
2018,,Federal,DCCC - Tom OHalleran,/home/andrew/Documents/PredictiveModeling/TV/stations/KAZT-TV/Political Files/2018/Federal/US House/DCCC - Tom OHalleran,,KAZT-TV
2018,,Federal,Greg Stanton,/home/andrew/Documents/PredictiveModeling/TV/stations/KAZT-TV/Political Files/2018/Federal/US House/Greg Stanton,,KAZT-TV
2018,,Non-Candidate Issue Ads,National Republican Senatorial Committee-IE,/home/andrew/Documents/PredictiveModeling/TV/stations/KAZT-TV/Political Files/2018/Non-Candidate Issue Ads/National Republican Senatorial Committee-IE,,KAZT-TV
2018,,Non-Candidate Issue Ads,DSCC IE,/home/andrew/Documents/PredictiveModeling/TV/stations/KAZT-TV/Political Files/2018/Non-Candidate Issue Ads/DSCC IE,,KAZT-TV
2018,,Non-Candidate Issue Ads,Chispa AZ PAC,/home/andrew/Documents/PredictiveModeling/TV/stations/KAZT-TV/Political Files/2018/Non-Candidate Issue Ads/Chispa AZ PAC,,KAZT-TV
2018,,Non-Candidate Issue Ads,AFSCME People,/home/andrew/Documents/PredictiveModeling/TV/stations/KAZT-TV/Political Files/2018/Non-Candidate Issue Ads/AFSCME People,,KAZT-TV
2018,,Non-Candidate Issue Ads,Citizens for Fair Tax,/home/andrew/Documents/PredictiveModeling/TV/stations/KAZT-TV/Political Files/2018/Non-Candidate Issue Ads/Citizens for Fair Tax,,KAZT-TV
2018,,Non-Candidate Issue Ads,Tax March,/home/andrew/Documents/PredictiveModeling/TV/stations/KAZT-TV/Political Files/2018/Non-Candidate Issue Ads/Tax March,,KAZT-TV
2018,,Non-Candidate Issue Ads,Vote Vets PAC,/home/andrew/Documents/PredictiveModeling/TV/stations/KAZT-TV/Political Files/2018/Non-Candidate Issue Ads/Vote Vets PAC,,KAZT-TV
2018,,Non-Candidate Issue Ads,Patriot Majority USA,/home/andrew/Documents/PredictiveModeling/TV/stations/KAZT-TV/Political Files/2018/Non-Candidate Issue Ads/Patriot Majority USA,,KAZT-TV
2018,,Non-Candidate Issue Ads,Arizona Education Project,/home/andrew/Documents/PredictiveModeling/TV/stations/KAZT-TV/Political Files/2018/Non-Candidate Issue Ads/Arizona Education Project,,KAZT-TV
2018,,Non-Candidate Issue Ads,RGA AZ PAC,/home/andrew/Documents/PredictiveModeling/TV/stations/KAZT-TV/Political Files/2018/Non-Candidate Issue Ads/RGA AZ PAC,,KAZT-TV
2018,,Non-Candidate Issue Ads,One Nation,/home/andrew/Documents/PredictiveModeling/TV/stations/KAZT-TV/Political Files/2018/Non-Candidate Issue Ads/One Nation,,KAZT-TV
2018,,Non-Candidate Issue Ads,Red and Gold,/home/andrew/Documents/PredictiveModeling/TV/stations/KAZT-TV/Political Files/2018/Non-Candidate Issue Ads/Red and Gold,,KAZT-TV
2018,,Non-Candidate Issue Ads,Democratic Congressional Campaign,/home/andrew/Documents/PredictiveModeling/TV/stations/KAZT-TV/Political Files/2018/Non-Candidate Issue Ads/Democratic Congressional Campaign,,KAZT-TV
2018,,Non-Candidate Issue Ads,Vote Vets PAC-Majority Forward,/home/andrew/Documents/PredictiveModeling/TV/stations/KAZT-TV/Political Files/2018/Non-Candidate Issue Ads/Vote Vets PAC-Majority Forward,,KAZT-TV
2018,,Non-Candidate Issue Ads,Vote Vets Action Fund - Majority Forward,/home/andrew/Documents/PredictiveModeling/TV/stations/KAZT-TV/Political Files/2018/Non-Candidate Issue Ads/Vote Vets Action Fund - Majority Forward,,KAZT-TV
2018,,Non-Candidate Issue Ads,Majority Forward,/home/andrew/Documents/PredictiveModeling/TV/stations/KAZT-TV/Political Files/2018/Non-Candidate Issue Ads/Majority Forward,,KAZT-TV
2018,,Non-Candidate Issue Ads,Defend Arizona,/home/andrew/Documents/PredictiveModeling/TV/stations/KAZT-TV/Political Files/2018/Non-Candidate Issue Ads/Defend Arizona,,KAZT-TV
2018,,Non-Candidate Issue Ads,Yes For Ed AZ,/home/andrew/Documents/PredictiveModeling/TV/stations/KAZT-TV/Political Files/2018/Non-Candidate Issue Ads/Yes For Ed AZ,,KAZT-TV
2018,,Non-Candidate Issue Ads,Clean Energy for a Healthy Arizona,/home/andrew/Documents/PredictiveModeling/TV/stations/KAZT-TV/Political Files/2018/Non-Candidate Issue Ads/Clean Energy for a Healthy Arizona,,KAZT-TV
2018,,State,Farley for Governor,/home/andrew/Documents/PredictiveModeling/TV/stations/KAZT-TV/Political Files/2018/State/Farley for Governor,,KAZT-TV
2018,,State,Mark Brnovich,/home/andrew/Documents/PredictiveModeling/TV/stations/KAZT-TV/Political Files/2018/State/Mark Brnovich,,KAZT-TV
2018,,State,Arizona Democratice Party January,/home/andrew/Documents/PredictiveModeling/TV/stations/KAZT-TV/Political Files/2018/State/Arizona Democratice Party January,,KAZT-TV
2018,,State,Arizona Democratic Party Katie Hobbs,/home/andrew/Documents/PredictiveModeling/TV/stations/KAZT-TV/Political Files/2018/State/Arizona Democratic Party Katie Hobbs,,KAZT-TV
2018,,State,Steve Gaynor for SoS,/home/andrew/Documents/PredictiveModeling/TV/stations/KAZT-TV/Political Files/2018/State/Steve Gaynor for SoS,,KAZT-TV
2018,,State,Doug Ducey,/home/andrew/Documents/PredictiveModeling/TV/stations/KAZT-TV/Political Files/2018/State/Doug Ducey,,KAZT-TV
2018,,Federal,Sinema-DSCC 2018,/home/andrew/Documents/PredictiveModeling/TV/stations/KPNX/Political Files/2018/Federal/US Senate/Sinema-DSCC 2018,,KPNX
2018,,Federal,Sinema 2018,/home/andrew/Documents/PredictiveModeling/TV/stations/KPNX/Political Files/2018/Federal/US Senate/Sinema 2018,,KPNX
2018,,Federal,McSally-NRSC 2018,/home/andrew/Documents/PredictiveModeling/TV/stations/KPNX/Political Files/2018/Federal/US Senate/McSally-NRSC 2018,,KPNX
2018,,Federal,McSally 2018,/home/andrew/Documents/PredictiveModeling/TV/stations/KPNX/Political Files/2018/Federal/US Senate/McSally 2018,,KPNX
2018,,Federal,Tom OHalleran US House 2018,/home/andrew/Documents/PredictiveModeling/TV/stations/KPNX/Political Files/2018/Federal/US House/Tom OHalleran US House 2018,,KPNX
2018,,Federal,Greg Stanton US House 2018,/home/andrew/Documents/PredictiveModeling/TV/stations/KPNX/Political Files/2018/Federal/US House/Greg Stanton US House 2018,,KPNX
2018,,Federal,Debbie Lesko AZ Republican Party 2018,/home/andrew/Documents/PredictiveModeling/TV/stations/KPNX/Political Files/2018/Federal/US House/Debbie Lesko AZ Republican Party 2018,,KPNX
2018,,Federal,Debbie Lesko 2018,/home/andrew/Documents/PredictiveModeling/TV/stations/KPNX/Political Files/2018/Federal/US House/Debbie Lesko 2018,,KPNX
2018,,Federal,David Brill US House 2018,/home/andrew/Documents/PredictiveModeling/TV/stations/KPNX/Political Files/2018/Federal/US House/David Brill US House 2018,,KPNX
2018,,Federal,Tipirneni 2018,/home/andrew/Documents/PredictiveModeling/TV/stations/KPNX/Political Files/2018/Federal/US House/Tipirneni 2018,,KPNX
2018,,Federal,Tiffany Shedd US House 2018,/home/andrew/Documents/PredictiveModeling/TV/stations/KPNX/Political Files/2018/Federal/US House/Tiffany Shedd US House 2018,,KPNX
2018,,Federal,Wendy Rogers 2018,/home/andrew/Documents/PredictiveModeling/TV/stations/KPNX/Political Files/2018/Federal/US House/Wendy Rogers 2018,,KPNX
2018,,Federal,Debbie Lesko NRSC 2018,/home/andrew/Documents/PredictiveModeling/TV/stations/KPNX/Political Files/2018/Federal/US House/Debbie Lesko NRSC 2018,,KPNX
2018,,Federal,Steve Ferrara US House 2018,/home/andrew/Documents/PredictiveModeling/TV/stations/KPNX/Political Files/2018/Federal/US House/Steve Ferrara US House 2018,,KPNX
2018,,Federal,Ruben Gallego US House 2018,/home/andrew/Documents/PredictiveModeling/TV/stations/KPNX/Political Files/2018/Federal/US House/Ruben Gallego US House 2018,,KPNX
2018,,Federal,Tom OHalleran-DCCC US House 2018,/home/andrew/Documents/PredictiveModeling/TV/stations/KPNX/Political Files/2018/Federal/US House/Tom OHalleran-DCCC US House 2018,,KPNX
2018,,Local,Daniel Valenuela for Mayor 2018,/home/andrew/Documents/PredictiveModeling/TV/stations/KPNX/Political Files/2018/Local/Daniel Valenuela for Mayor 2018,,KPNX
2018,,Local,Kate Gallego for Mayor 2018,/home/andrew/Documents/PredictiveModeling/TV/stations/KPNX/Political Files/2018/Local/Kate Gallego for Mayor 2018,,KPNX
2018,,Non-Candidate Issue Ads,AFSCME People 2018,/home/andrew/Documents/PredictiveModeling/TV/stations/KPNX/Political Files/2018/Non-Candidate Issue Ads/AFSCME People 2018,,KPNX
2018,,Non-Candidate Issue Ads,Tax March 2018,/home/andrew/Documents/PredictiveModeling/TV/stations/KPNX/Political Files/2018/Non-Candidate Issue Ads/Tax March 2018,,KPNX
2018,,Non-Candidate Issue Ads,Arizona for Freedom 2018,/home/andrew/Documents/PredictiveModeling/TV/stations/KPNX/Political Files/2018/Non-Candidate Issue Ads/Arizona for Freedom 2018,,KPNX
2018,,Non-Candidate Issue Ads,Defend AZ 2018,/home/andrew/Documents/PredictiveModeling/TV/stations/KPNX/Political Files/2018/Non-Candidate Issue Ads/Defend AZ 2018,,KPNX
2018,,Non-Candidate Issue Ads,DSCC-IE 2018,/home/andrew/Documents/PredictiveModeling/TV/stations/KPNX/Political Files/2018/Non-Candidate Issue Ads/DSCC-IE 2018,,KPNX
2018,,Non-Candidate Issue Ads,NRSC-IE 2018,/home/andrew/Documents/PredictiveModeling/TV/stations/KPNX/Political Files/2018/Non-Candidate Issue Ads/NRSC-IE 2018,,KPNX
2018,,Non-Candidate Issue Ads,Senate Majority Pac 2018,/home/andrew/Documents/PredictiveModeling/TV/stations/KPNX/Political Files/2018/Non-Candidate Issue Ads/Senate Majority Pac 2018,,KPNX
2018,,Non-Candidate Issue Ads,ACLU 2018,/home/andrew/Documents/PredictiveModeling/TV/stations/KPNX/Political Files/2018/Non-Candidate Issue Ads/ACLU 2018,,KPNX
2018,,Non-Candidate Issue Ads,DAGA-Democratic Attorneys General Association 2018,/home/andrew/Documents/PredictiveModeling/TV/stations/KPNX/Political Files/2018/Non-Candidate Issue Ads/DAGA-Democratic Attorneys General Association 2018,,KPNX
2018,,Non-Candidate Issue Ads,Chispa AZ Pac 2018,/home/andrew/Documents/PredictiveModeling/TV/stations/KPNX/Political Files/2018/Non-Candidate Issue Ads/Chispa AZ Pac 2018,,KPNX
2018,,Non-Candidate Issue Ads,Patriot Majority USA 2018,/home/andrew/Documents/PredictiveModeling/TV/stations/KPNX/Political Files/2018/Non-Candidate Issue Ads/Patriot Majority USA 2018,,KPNX
2018,,Non-Candidate Issue Ads,US Chamber of Commerce 2018,/home/andrew/Documents/PredictiveModeling/TV/stations/KPNX/Political Files/2018/Non-Candidate Issue Ads/US Chamber of Commerce 2018,,KPNX
2018,,Non-Candidate Issue Ads,Working Families Party Ind Expenditure Committee 2018,/home/andrew/Documents/PredictiveModeling/TV/stations/KPNX/Political Files/2018/Non-Candidate Issue Ads/Working Families Party Ind Expenditure Committee 2018,,KPNX
2018,,Non-Candidate Issue Ads,Clean Energy for A Healthy AZ 2018,/home/andrew/Documents/PredictiveModeling/TV/stations/KPNX/Political Files/2018/Non-Candidate Issue Ads/Clean Energy for A Healthy AZ 2018,,KPNX
2018,,Non-Candidate Issue Ads,House Majority Pac 2018,/home/andrew/Documents/PredictiveModeling/TV/stations/KPNX/Political Files/2018/Non-Candidate Issue Ads/House Majority Pac 2018,,KPNX
2018,,Non-Candidate Issue Ads,One Nation 2018,/home/andrew/Documents/PredictiveModeling/TV/stations/KPNX/Political Files/2018/Non-Candidate Issue Ads/One Nation 2018,,KPNX
2018,,Non-Candidate Issue Ads,AZ Education Project 2018,/home/andrew/Documents/PredictiveModeling/TV/stations/KPNX/Political Files/2018/Non-Candidate Issue Ads/AZ Education Project 2018,,KPNX
2018,,Non-Candidate Issue Ads,AZ For Affordable Electric 2018,/home/andrew/Documents/PredictiveModeling/TV/stations/KPNX/Political Files/2018/Non-Candidate Issue Ads/AZ For Affordable Electric 2018,,KPNX
2018,,Non-Candidate Issue Ads,Red and Gold 2018,/home/andrew/Documents/PredictiveModeling/TV/stations/KPNX/Political Files/2018/Non-Candidate Issue Ads/Red and Gold 2018,,KPNX
2018,,Non-Candidate Issue Ads,NRCC-IE 2018,/home/andrew/Documents/PredictiveModeling/TV/stations/KPNX/Political Files/2018/Non-Candidate Issue Ads/NRCC-IE 2018,,KPNX
2018,,Non-Candidate Issue Ads,45 Committee 2018,/home/andrew/Documents/PredictiveModeling/TV/stations/KPNX/Political Files/2018/Non-Candidate Issue Ads/45 Committee 2018,,KPNX
2018,,Non-Candidate Issue Ads,Citizens for Fair Tax Policy 2018,/home/andrew/Documents/PredictiveModeling/TV/stations/KPNX/Political Files/2018/Non-Candidate Issue Ads/Citizens for Fair Tax Policy 2018,,KPNX
2018,,Non-Candidate Issue Ads,Majority Forward 2018,/home/andrew/Documents/PredictiveModeling/TV/stations/KPNX/Political Files/2018/Non-Candidate Issue Ads/Majority Forward 2018,,KPNX
2018,,Non-Candidate Issue Ads,DCCC-Democratic Congressional Campaign Committee 2018,/home/andrew/Documents/PredictiveModeling/TV/stations/KPNX/Political Files/2018/Non-Candidate Issue Ads/DCCC-Democratic Congressional Campaign Committee 2018,,KPNX
2018,,Non-Candidate Issue Ads,AZ Republican Party 2018,/home/andrew/Documents/PredictiveModeling/TV/stations/KPNX/Political Files/2018/Non-Candidate Issue Ads/AZ Republican Party 2018,,KPNX
2018,,Non-Candidate Issue Ads,Save Native American Families 2018,/home/andrew/Documents/PredictiveModeling/TV/stations/KPNX/Political Files/2018/Non-Candidate Issue Ads/Save Native American Families 2018,,KPNX
2018,,Non-Candidate Issue Ads,Majority Forward-Vote Vets 2018,/home/andrew/Documents/PredictiveModeling/TV/stations/KPNX/Political Files/2018/Non-Candidate Issue Ads/Majority Forward-Vote Vets 2018,,KPNX
2018,,State,Doug Ducey-AZRP 2018,/home/andrew/Documents/PredictiveModeling/TV/stations/KPNX/Political Files/2018/State/Doug Ducey-AZRP 2018,,KPNX
2018,,State,David Garcia Governor AZ 2018,/home/andrew/Documents/PredictiveModeling/TV/stations/KPNX/Political Files/2018/State/David Garcia Governor AZ 2018,,KPNX
2018,,State,Steve Farley Governor AZ 2018,/home/andrew/Documents/PredictiveModeling/TV/stations/KPNX/Political Files/2018/State/Steve Farley Governor AZ 2018,,KPNX
2018,,State,Katie Hobbs Secretary of State 2018,/home/andrew/Documents/PredictiveModeling/TV/stations/KPNX/Political Files/2018/State/Katie Hobbs Secretary of State 2018,,KPNX
2018,,State,AZDP- January Contreas Attorney General 2018,/home/andrew/Documents/PredictiveModeling/TV/stations/KPNX/Political Files/2018/State/AZDP- January Contreas Attorney General 2018,,KPNX
2018,,State,Doug Ducey Governor AZ 2018,/home/andrew/Documents/PredictiveModeling/TV/stations/KPNX/Political Files/2018/State/Doug Ducey Governor AZ 2018,,KPNX
2018,,State,Mark Brnovich Attorney General 2018,/home/andrew/Documents/PredictiveModeling/TV/stations/KPNX/Political Files/2018/State/Mark Brnovich Attorney General 2018,,KPNX
2018,,State,Steve Gaynor Secretary of State 2018,/home/andrew/Documents/PredictiveModeling/TV/stations/KPNX/Political Files/2018/State/Steve Gaynor Secretary of State 2018,,KPNX
